Bangladesh,2018,Gross Domestic Product (GDP),1670.796355
Bangladesh,2017,Gross Domestic Product (GDP),1538.233627
Bangladesh,2016,Gross Domestic Product (GDP),1394.605662
Bangladesh,2015,Gross Domestic Product (GDP),1244.53229
Bangladesh,2014,Gross Domestic Product (GDP),1120.013603
Bangladesh,2013,Gross Domestic Product (GDP),1004.867177
Bangladesh,2012,Gross Domestic Product (GDP),853.6053578
Bangladesh,2011,Gross Domestic Product (GDP),827.3845735
Bangladesh,2010,Gross Domestic Product (GDP),775.9272509
Bangladesh,2009,Gross Domestic Product (GDP),699.85704
Bangladesh,2008,Gross Domestic Product (GDP),635.0955901
Bangladesh,2007,Gross Domestic Product (GDP),559.5518173
Bangladesh,2006,Gross Domestic Product (GDP),496.530233
Bangladesh,2005,Gross Domestic Product (GDP),414.4847568
Bangladesh,2004,Gross Domestic Product (GDP),408.4343365
Bangladesh,2003,Gross Domestic Product (GDP),383.4841059
Bangladesh,2002,Gross Domestic Product (GDP),356.2457521
Bangladesh,2001,Gross Domestic Product (GDP),349.2457261
Bangladesh,2000,Gross Domestic Product (GDP),356.1832244
Bangladesh,1999,Gross Domestic Product (GDP),357.5224876
Bangladesh,1998,Gross Domestic Product (GDP),347.8606225
Bangladesh,1997,Gross Domestic Product (GDP),342.6195033
Bangladesh,1996,Gross Domestic Product (GDP),338.257592
Bangladesh,1995,Gross Domestic Product (GDP),328.7839955
Bangladesh,1994,Gross Domestic Product (GDP),298.6999781
Bangladesh,1993,Gross Domestic Product (GDP),287.132812
Bangladesh,1992,Gross Domestic Product (GDP),284.2145975
Bangladesh,1991,Gross Domestic Product (GDP),284.7251038
Bangladesh,1990,Gross Domestic Product (GDP),272.7153044
Bangladesh,1989,Gross Domestic Product (GDP),267.6837858
Bangladesh,1988,Gross Domestic Product (GDP),252.7314888
Bangladesh,1987,Gross Domestic Product (GDP),240.1392068
Bangladesh,1986,Gross Domestic Product (GDP),216.9795903
Bangladesh,1985,Gross Domestic Product (GDP),211.1961617
Bangladesh,1984,Gross Domestic Product (GDP),208.9428914
Bangladesh,1983,Gross Domestic Product (GDP),182.9588392
Bangladesh,1982,Gross Domestic Product (GDP),183.9945141
Bangladesh,1981,Gross Domestic Product (GDP),207.5128269
Bangladesh,1980,Gross Domestic Product (GDP),210.062038
Bangladesh,1979,Gross Domestic Product (GDP),190.3573741
Bangladesh,1978,Gross Domestic Product (GDP),168.998698
Bangladesh,1977,Gross Domestic Product (GDP),135.4349995
Bangladesh,1976,Gross Domestic Product (GDP),131.8493835
Bangladesh,1975,Gross Domestic Product (GDP),120.9530818
Bangladesh,1974,Gross Domestic Product (GDP),117.6410528
Bangladesh,1973,Gross Domestic Product (GDP),100.0909576
Bangladesh,1972,Gross Domestic Product (GDP),93.23153845
Bangladesh,1971,Gross Domestic Product (GDP),85.11651564
Bangladesh,1970,Gross Domestic Product (GDP),96.45859013
Belgium,2018,Gross Domestic Product (GDP),47292.96711
Belgium,2017,Gross Domestic Product (GDP),44155.96783
Belgium,2016,Gross Domestic Product (GDP),41927.00579
Belgium,2015,Gross Domestic Product (GDP),40941.89722
Belgium,2014,Gross Domestic Product (GDP),47648.78968
Belgium,2013,Gross Domestic Product (GDP),46767.2847
Belgium,2012,Gross Domestic Product (GDP),44760.05739
Belgium,2011,Gross Domestic Product (GDP),47453.46784
Belgium,2010,Gross Domestic Product (GDP),43967.73975
Belgium,2009,Gross Domestic Product (GDP),44320.40467
Belgium,2008,Gross Domestic Product (GDP),47801.66787
Belgium,2007,Gross Domestic Product (GDP),43963.2577
Belgium,2006,Gross Domestic Product (GDP),38410.29642
Belgium,2005,Gross Domestic Product (GDP),36556.89073
Belgium,2004,Gross Domestic Product (GDP),35166.87994
Belgium,2003,Gross Domestic Product (GDP),30460.55304
Belgium,2002,Gross Domestic Product (GDP),24811.61325
Belgium,2001,Gross Domestic Product (GDP),22922.64225
Belgium,2000,Gross Domestic Product (GDP),22972.53389
Belgium,1999,Gross Domestic Product (GDP),25172.79419
Belgium,1998,Gross Domestic Product (GDP),25253.01354
Belgium,1997,Gross Domestic Product (GDP),24717.32827
Belgium,1996,Gross Domestic Product (GDP),27349.93534
Belgium,1995,Gross Domestic Product (GDP),28276.1338
Belgium,1994,Gross Domestic Product (GDP),24113.47423
Belgium,1993,Gross Domestic Product (GDP),22207.96454
Belgium,1992,Gross Domestic Product (GDP),23297.23409
Belgium,1991,Gross Domestic Product (GDP),20968.06796
Belgium,1990,Gross Domestic Product (GDP),20519.53572
Belgium,1989,Gross Domestic Product (GDP),16454.73152
Belgium,1988,Gross Domestic Product (GDP),16297.35263
Belgium,1987,Gross Domestic Product (GDP),15026.35669
Belgium,1986,Gross Domestic Product (GDP),12088.39121
Belgium,1985,Gross Domestic Product (GDP),8699.149331
Belgium,1984,Gross Domestic Product (GDP),8413.577897
Belgium,1983,Gross Domestic Product (GDP),8808.229698
Belgium,1982,Gross Domestic Product (GDP),9311.861991
Belgium,1981,Gross Domestic Product (GDP),10599.45325
Belgium,1980,Gross Domestic Product (GDP),12851.60917
Belgium,1979,Gross Domestic Product (GDP),11803.58081
Belgium,1978,Gross Domestic Product (GDP),10293.03083
Belgium,1977,Gross Domestic Product (GDP),8438.498516
Belgium,1976,Gross Domestic Product (GDP),7260.410305
Belgium,1975,Gross Domestic Product (GDP),6721.155565
Belgium,1974,Gross Domestic Product (GDP),5748.843842
Belgium,1973,Gross Domestic Product (GDP),4911.518028
Belgium,1972,Gross Domestic Product (GDP),3838.878264
Belgium,1971,Gross Domestic Product (GDP),3086.090197
Belgium,1970,Gross Domestic Product (GDP),2772.673855
Bolivia,2018,Gross Domestic Product (GDP),3548.590155
Bolivia,2017,Gross Domestic Product (GDP),3351.127399
Bolivia,2016,Gross Domestic Product (GDP),3076.656283
Bolivia,2015,Gross Domestic Product (GDP),3035.972213
Bolivia,2014,Gross Domestic Product (GDP),3081.878823
Bolivia,2013,Gross Domestic Product (GDP),2908.199819
Bolivia,2012,Gross Domestic Product (GDP),2609.880814
Bolivia,2011,Gross Domestic Product (GDP),2346.349839
Bolivia,2010,Gross Domestic Product (GDP),1955.47696
Bolivia,2009,Gross Domestic Product (GDP),1754.214736
Bolivia,2008,Gross Domestic Product (GDP),1715.207371
Bolivia,2007,Gross Domestic Product (GDP),1372.617904
Bolivia,2006,Gross Domestic Product (GDP),1218.87199
Bolivia,2005,Gross Domestic Product (GDP),1034.315821
Bolivia,2004,Gross Domestic Product (GDP),967.3744877
Bolivia,2003,Gross Domestic Product (GDP),907.541054
Bolivia,2002,Gross Domestic Product (GDP),904.2266197
Bolivia,2001,Gross Domestic Product (GDP),948.8688054
Bolivia,2000,Gross Domestic Product (GDP),997.5757404
Bolivia,1999,Gross Domestic Product (GDP),1003.390789
Bolivia,1998,Gross Domestic Product (GDP),1049.493017
Bolivia,1997,Gross Domestic Product (GDP),998.5232446
Bolivia,1996,Gross Domestic Product (GDP),950.8541574
Bolivia,1995,Gross Domestic Product (GDP),880.982582
Bolivia,1994,Gross Domestic Product (GDP),801.0332273
Bolivia,1993,Gross Domestic Product (GDP),784.1957976
Bolivia,1992,Gross Domestic Product (GDP),788.1484073
Bolivia,1991,Gross Domestic Product (GDP),762.0763392
Bolivia,1990,Gross Domestic Product (GDP),709.0598561
Bolivia,1989,Gross Domestic Product (GDP),701.665499
Bolivia,1988,Gross Domestic Product (GDP),698.6921444
Bolivia,1987,Gross Domestic Product (GDP),669.4772028
Bolivia,1986,Gross Domestic Product (GDP),650.2534579
Bolivia,1985,Gross Domestic Product (GDP),667.4165407
Bolivia,1984,Gross Domestic Product (GDP),666.7880353
Bolivia,1983,Gross Domestic Product (GDP),660.703762
Bolivia,1982,Gross Domestic Product (GDP),679.0590761
Bolivia,1981,Gross Domestic Product (GDP),682.4582376
Bolivia,1980,Gross Domestic Product (GDP),630.722763
Bolivia,1979,Gross Domestic Product (GDP),599.1330894
Bolivia,1978,Gross Domestic Product (GDP),564.6405295
Bolivia,1977,Gross Domestic Product (GDP),528.460747
Bolivia,1976,Gross Domestic Product (GDP),537.5279825
Bolivia,1975,Gross Domestic Product (GDP),479.6240026
Bolivia,1974,Gross Domestic Product (GDP),439.247105
Bolivia,1973,Gross Domestic Product (GDP),271.4941976
Bolivia,1972,Gross Domestic Product (GDP),273.0819505
Bolivia,1971,Gross Domestic Product (GDP),238.8341753
Bolivia,1970,Gross Domestic Product (GDP),225.2676425
Brazil,2018,Gross Domestic Product (GDP),8920.70049
Brazil,2017,Gross Domestic Product (GDP),9880.979133
Brazil,2016,Gross Domestic Product (GDP),8707.113904
Brazil,2015,Gross Domestic Product (GDP),8813.989375
Brazil,2014,Gross Domestic Product (GDP),12112.83525
Brazil,2013,Gross Domestic Product (GDP),12300.38622
Brazil,2012,Gross Domestic Product (GDP),12370.22282
Brazil,2011,Gross Domestic Product (GDP),13245.38771
Brazil,2010,Gross Domestic Product (GDP),11286.07166
Brazil,2009,Gross Domestic Product (GDP),8597.794202
Brazil,2008,Gross Domestic Product (GDP),8831.183643
Brazil,2007,Gross Domestic Product (GDP),7348.18804
Brazil,2006,Gross Domestic Product (GDP),5886.391428
Brazil,2005,Gross Domestic Product (GDP),4790.456694
Brazil,2004,Gross Domestic Product (GDP),3637.313851
Brazil,2003,Gross Domestic Product (GDP),3074.222896
Brazil,2002,Gross Domestic Product (GDP),2851.939429
Brazil,2001,Gross Domestic Product (GDP),3164.555648
Brazil,2000,Gross Domestic Product (GDP),3732.243398
Brazil,1999,Gross Domestic Product (GDP),3447.515982
Brazil,1998,Gross Domestic Product (GDP),5028.795819
Brazil,1997,Gross Domestic Product (GDP),5271.918047
Brazil,1996,Gross Domestic Product (GDP),5161.278889
Brazil,1995,Gross Domestic Product (GDP),4802.205413
Brazil,1994,Gross Domestic Product (GDP),3640.99903
Brazil,1993,Gross Domestic Product (GDP),2594.440491
Brazil,1992,Gross Domestic Product (GDP),2350.885274
Brazil,1991,Gross Domestic Product (GDP),2496.447743
Brazil,1990,Gross Domestic Product (GDP),2730.793363
Brazil,1989,Gross Domestic Product (GDP),2566.044433
Brazil,1988,Gross Domestic Product (GDP),1921.934431
Brazil,1987,Gross Domestic Product (GDP),1753.895106
Brazil,1986,Gross Domestic Product (GDP),1631.993366
Brazil,1985,Gross Domestic Product (GDP),1385.777475
Brazil,1984,Gross Domestic Product (GDP),1322.343901
Brazil,1983,Gross Domestic Product (GDP),1316.289219
Brazil,1982,Gross Domestic Product (GDP),1887.641565
Brazil,1981,Gross Domestic Product (GDP),1825.338705
Brazil,1980,Gross Domestic Product (GDP),1583.548399
Brazil,1979,Gross Domestic Product (GDP),1578.705727
Brazil,1978,Gross Domestic Product (GDP),1466.310486
Brazil,1977,Gross Domestic Product (GDP),1322.403585
Brazil,1976,Gross Domestic Product (GDP),1163.496477
Brazil,1975,Gross Domestic Product (GDP),1007.789903
Brazil,1974,Gross Domestic Product (GDP),877.5789829
Brazil,1973,Gross Domestic Product (GDP),700.890162
Brazil,1972,Gross Domestic Product (GDP),506.9512707
Brazil,1971,Gross Domestic Product (GDP),403.4744506
Brazil,1970,Gross Domestic Product (GDP),370.2307724
"China, People's Republic of",2018,Gross Domestic Product (GDP),9531.869133
"China, People's Republic of",2017,Gross Domestic Product (GDP),8545.662158
"China, People's Republic of",2016,Gross Domestic Product (GDP),7876.657788
"China, People's Republic of",2015,Gross Domestic Product (GDP),7829.959886
"China, People's Republic of",2014,Gross Domestic Product (GDP),7458.960054
"China, People's Republic of",2013,Gross Domestic Product (GDP),6875.914018
"China, People's Republic of",2012,Gross Domestic Product (GDP),6163.955279
"China, People's Republic of",2011,Gross Domestic Product (GDP),5486.05781
"China, People's Republic of",2010,Gross Domestic Product (GDP),4447.066897
"China, People's Republic of",2009,Gross Domestic Product (GDP),3748.020176
"China, People's Republic of",2008,Gross Domestic Product (GDP),3394.237722
"China, People's Republic of",2007,Gross Domestic Product (GDP),2637.69939
"China, People's Republic of",2006,Gross Domestic Product (GDP),2056.262012
"China, People's Republic of",2005,Gross Domestic Product (GDP),1717.765087
"China, People's Republic of",2004,Gross Domestic Product (GDP),1477.870138
"China, People's Republic of",2003,Gross Domestic Product (GDP),1262.279134
"China, People's Republic of",2002,Gross Domestic Product (GDP),1124.836293
"China, People's Republic of",2001,Gross Domestic Product (GDP),1030.998299
"China, People's Republic of",2000,Gross Domestic Product (GDP),938.6156563
"China, People's Republic of",1999,Gross Domestic Product (GDP),853.6804571
"China, People's Republic of",1998,Gross Domestic Product (GDP),809.0211476
"China, People's Republic of",1997,Gross Domestic Product (GDP),761.9687177
"China, People's Republic of",1996,Gross Domestic Product (GDP),690.0958669
"China, People's Republic of",1995,Gross Domestic Product (GDP),591.8871893
"China, People's Republic of",1994,Gross Domestic Product (GDP),458.7912704
"China, People's Republic of",1993,Gross Domestic Product (GDP),507.9645826
"China, People's Republic of",1992,Gross Domestic Product (GDP),408.6620964
"China, People's Republic of",1991,Gross Domestic Product (GDP),346.5307227
"China, People's Republic of",1990,Gross Domestic Product (GDP),335.2631363
"China, People's Republic of",1989,Gross Domestic Product (GDP),393.9086545
"China, People's Republic of",1988,Gross Domestic Product (GDP),358.4744212
"China, People's Republic of",1987,Gross Domestic Product (GDP),293.0659189
"China, People's Republic of",1986,Gross Domestic Product (GDP),274.4405268
"China, People's Republic of",1985,Gross Domestic Product (GDP),288.0639907
"China, People's Republic of",1984,Gross Domestic Product (GDP),296.4762071
"China, People's Republic of",1983,Gross Domestic Product (GDP),292.3468511
"China, People's Republic of",1982,Gross Domestic Product (GDP),276.2053958
"China, People's Republic of",1981,Gross Domestic Product (GDP),285.5647433
"China, People's Republic of",1980,Gross Domestic Product (GDP),306.1392596
"China, People's Republic of",1979,Gross Domestic Product (GDP),267.4060829
"China, People's Republic of",1978,Gross Domestic Product (GDP),224.7488135
"China, People's Republic of",1977,Gross Domestic Product (GDP),182.6260064
"China, People's Republic of",1976,Gross Domestic Product (GDP),163.2999234
"China, People's Republic of",1975,Gross Domestic Product (GDP),176.4460569
"China, People's Republic of",1974,Gross Domestic Product (GDP),158.7097585
"China, People's Republic of",1973,Gross Domestic Product (GDP),155.7565494
"China, People's Republic of",1972,Gross Domestic Product (GDP),130.7545657
"China, People's Republic of",1971,Gross Domestic Product (GDP),117.584016
"China, People's Republic of",1970,Gross Domestic Product (GDP),111.8927765
Colombia,2018,Gross Domestic Product (GDP),6649.635537
Colombia,2017,Gross Domestic Product (GDP),6374.788401
Colombia,2016,Gross Domestic Product (GDP),5870.777521
Colombia,2015,Gross Domestic Product (GDP),6175.876132
Colombia,2014,Gross Domestic Product (GDP),8114.345453
Colombia,2013,Gross Domestic Product (GDP),8212.981058
Colombia,2012,Gross Domestic Product (GDP),8042.726956
Colombia,2011,Gross Domestic Product (GDP),7324.439706
Colombia,2010,Gross Domestic Product (GDP),6326.549349
Colombia,2009,Gross Domestic Product (GDP),5195.393369
Colombia,2008,Gross Domestic Product (GDP),5461.780701
Colombia,2007,Gross Domestic Product (GDP),4703.213074
Colombia,2006,Gross Domestic Product (GDP),3731.168478
Colombia,2005,Gross Domestic Product (GDP),3404.190224
Colombia,2004,Gross Domestic Product (GDP),2756.322452
Colombia,2003,Gross Domestic Product (GDP),2259.838768
Colombia,2002,Gross Domestic Product (GDP),2373.975003
Colombia,2001,Gross Domestic Product (GDP),2416.622625
Colombia,2000,Gross Domestic Product (GDP),2496.387821
Colombia,1999,Gross Domestic Product (GDP),2613.511247
Colombia,1998,Gross Domestic Product (GDP),3032.719245
Colombia,1997,Gross Domestic Product (GDP),3339.612864
Colombia,1996,Gross Domestic Product (GDP),3094.564389
Colombia,1995,Gross Domestic Product (GDP),2999.605262
Colombia,1994,Gross Domestic Product (GDP),2640.118635
Colombia,1993,Gross Domestic Product (GDP),2038.401752
Colombia,1992,Gross Domestic Product (GDP),1795.337715
Colombia,1991,Gross Domestic Product (GDP),1710.385262
Colombia,1990,Gross Domestic Product (GDP),1703.397247
Colombia,1989,Gross Domestic Product (GDP),1705.617869
Colombia,1988,Gross Domestic Product (GDP),1725.160518
Colombia,1987,Gross Domestic Product (GDP),1632.38748
Colombia,1986,Gross Domestic Product (GDP),1600.211396
Colombia,1985,Gross Domestic Product (GDP),1631.190512
Colombia,1984,Gross Domestic Product (GDP),1826.152961
Colombia,1983,Gross Domestic Product (GDP),1888.425256
Colombia,1982,Gross Domestic Product (GDP),1941.253982
Colombia,1981,Gross Domestic Product (GDP),1852.99811
Colombia,1980,Gross Domestic Product (GDP),1738.177399
Colombia,1979,Gross Domestic Product (GDP),1486.849592
Colombia,1978,Gross Domestic Product (GDP),1265.020567
Colombia,1977,Gross Domestic Product (GDP),1083.242152
Colombia,1976,Gross Domestic Product (GDP),872.4340407
Colombia,1975,Gross Domestic Product (GDP),761.8117488
Colombia,1974,Gross Domestic Product (GDP),734.8331828
Colombia,1973,Gross Domestic Product (GDP),625.1387416
Colombia,1972,Gross Domestic Product (GDP),540.3120521
Colombia,1971,Gross Domestic Product (GDP),497.996911
Colombia,1970,Gross Domestic Product (GDP),470.0400315
Denmark,2018,Gross Domestic Product (GDP),61833.71346
Denmark,2017,Gross Domestic Product (GDP),57467.08853
Denmark,2016,Gross Domestic Product (GDP),54823.45711
Denmark,2015,Gross Domestic Product (GDP),53206.05833
Denmark,2014,Gross Domestic Product (GDP),62320.16569
Denmark,2013,Gross Domestic Product (GDP),60939.26027
Denmark,2012,Gross Domestic Product (GDP),58305.92686
Denmark,2011,Gross Domestic Product (GDP),61616.43655
Denmark,2010,Gross Domestic Product (GDP),57966.58742
Denmark,2009,Gross Domestic Product (GDP),58128.99736
Denmark,2008,Gross Domestic Product (GDP),64273.61534
Denmark,2007,Gross Domestic Product (GDP),58396.33173
Denmark,2006,Gross Domestic Product (GDP),51960.15484
Denmark,2005,Gross Domestic Product (GDP),48779.30714
Denmark,2004,Gross Domestic Product (GDP),46527.10991
Denmark,2003,Gross Domestic Product (GDP),40486.01735
Denmark,2002,Gross Domestic Product (GDP),33247.99108
Denmark,2001,Gross Domestic Product (GDP),30755.72284
Denmark,2000,Gross Domestic Product (GDP),30734.30838
Denmark,1999,Gross Domestic Product (GDP),33440.76697
Denmark,1998,Gross Domestic Product (GDP),33392.19641
Denmark,1997,Gross Domestic Product (GDP),32881.42548
Denmark,1996,Gross Domestic Product (GDP),35706.62533
Denmark,1995,Gross Domestic Product (GDP),35356.11074
Denmark,1994,Gross Domestic Product (GDP),29966.12737
Denmark,1993,Gross Domestic Product (GDP),27586.5652
Denmark,1992,Gross Domestic Product (GDP),29567.8903
Denmark,1991,Gross Domestic Product (GDP),27008.36546
Denmark,1990,Gross Domestic Product (GDP),26890.70209
Denmark,1989,Gross Domestic Product (GDP),21910.66493
Denmark,1988,Gross Domestic Product (GDP),22558.07717
Denmark,1987,Gross Domestic Product (GDP),21381.31013
Denmark,1986,Gross Domestic Product (GDP),17220.86548
Denmark,1985,Gross Domestic Product (GDP),12251.78266
Denmark,1984,Gross Domestic Product (GDP),11552.8901
Denmark,1983,Gross Domestic Product (GDP),11845.61403
Denmark,1982,Gross Domestic Product (GDP),11791.61212
Denmark,1981,Gross Domestic Product (GDP),12073.06279
Denmark,1980,Gross Domestic Product (GDP),13881.3096
Denmark,1979,Gross Domestic Product (GDP),13746.9946
Denmark,1978,Gross Domestic Product (GDP),11813.35489
Denmark,1977,Gross Domestic Product (GDP),9767.296705
Denmark,1976,Gross Domestic Product (GDP),8772.548946
Denmark,1975,Gross Domestic Product (GDP),7994.651238
Denmark,1974,Gross Domestic Product (GDP),6775.942168
Denmark,1973,Gross Domestic Product (GDP),6124.998984
Denmark,1972,Gross Domestic Product (GDP),4655.290175
Denmark,1971,Gross Domestic Product (GDP),3846.533628
Denmark,1970,Gross Domestic Product (GDP),3462.711851
Germany,2018,Gross Domestic Product (GDP),47513.7021
Germany,2017,Gross Domestic Product (GDP),44348.83474
Germany,2016,Gross Domestic Product (GDP),42178.25937
Germany,2015,Gross Domestic Product (GDP),41088.84158
Germany,2014,Gross Domestic Product (GDP),47684.49516
Germany,2013,Gross Domestic Product (GDP),45984.26306
Germany,2012,Gross Domestic Product (GDP),43562.18924
Germany,2011,Gross Domestic Product (GDP),46309.80564
Germany,2010,Gross Domestic Product (GDP),42020.0427
Germany,2009,Gross Domestic Product (GDP),41997.37979
Germany,2008,Gross Domestic Product (GDP),46014.08008
Germany,2007,Gross Domestic Product (GDP),42090.85715
Germany,2006,Gross Domestic Product (GDP),36724.70467
Germany,2005,Gross Domestic Product (GDP),34872.99502
Germany,2004,Gross Domestic Product (GDP),34408.22275
Germany,2003,Gross Domestic Product (GDP),30583.24298
Germany,2002,Gross Domestic Product (GDP),25372.11175
Germany,2001,Gross Domestic Product (GDP),23867.36969
Germany,2000,Gross Domestic Product (GDP),23871.28793
Germany,1999,Gross Domestic Product (GDP),26958.37744
Germany,1998,Gross Domestic Product (GDP),27505.01109
Germany,1997,Gross Domestic Product (GDP),27174.30403
Germany,1996,Gross Domestic Product (GDP),30708.32335
Germany,1995,Gross Domestic Product (GDP),31866.67551
Germany,1994,Gross Domestic Product (GDP),27278.69497
Germany,1993,Gross Domestic Product (GDP),25752.68738
Germany,1992,Gross Domestic Product (GDP),26658.29199
Germany,1991,Gross Domestic Product (GDP),23511.173
Germany,1990,Gross Domestic Product (GDP),22410.596
Germany,1989,Gross Domestic Product (GDP),17785.8474
Germany,1988,Gross Domestic Product (GDP),17893.11069
Germany,1987,Gross Domestic Product (GDP),16640.07655
Germany,1986,Gross Domestic Product (GDP),13447.46418
Germany,1985,Gross Domestic Product (GDP),9428.588889
Germany,1984,Gross Domestic Product (GDP),9334.272387
Germany,1983,Gross Domestic Product (GDP),9910.063977
Germany,1982,Gross Domestic Product (GDP),9965.588465
Germany,1981,Gross Domestic Product (GDP),10248.11681
Germany,1980,Gross Domestic Product (GDP),12139.70306
Germany,1979,Gross Domestic Product (GDP),11235.71803
Germany,1978,Gross Domestic Product (GDP),9423.962887
Germany,1977,Gross Domestic Product (GDP),7631.361638
Germany,1976,Gross Domestic Product (GDP),6597.229185
Germany,1975,Gross Domestic Product (GDP),6221.792682
Germany,1974,Gross Domestic Product (GDP),5643.214622
Germany,1973,Gross Domestic Product (GDP),5047.103088
Germany,1972,Gross Domestic Product (GDP),3799.616525
Germany,1971,Gross Domestic Product (GDP),3172.801049
Germany,1970,Gross Domestic Product (GDP),2746.750087
Ghana,2018,Gross Domestic Product (GDP),2201.584397
Ghana,2017,Gross Domestic Product (GDP),2025.820309
Ghana,2016,Gross Domestic Product (GDP),1931.389538
Ghana,2015,Gross Domestic Product (GDP),1765.993664
Ghana,2014,Gross Domestic Product (GDP),1968.875165
Ghana,2013,Gross Domestic Product (GDP),2378.220096
Ghana,2012,Gross Domestic Product (GDP),2135.398102
Ghana,2011,Gross Domestic Product (GDP),2062.806618
Ghana,2010,Gross Domestic Product (GDP),1718.647038
Ghana,2009,Gross Domestic Product (GDP),1422.601095
Ghana,2008,Gross Domestic Product (GDP),1602.504302
Ghana,2007,Gross Domestic Product (GDP),1427.032007
Ghana,2006,Gross Domestic Product (GDP),1207.207961
Ghana,2005,Gross Domestic Product (GDP),1043.557511
Ghana,2004,Gross Domestic Product (GDP),885.6375073
Ghana,2003,Gross Domestic Product (GDP),780.2675647
Ghana,2002,Gross Domestic Product (GDP),646.0387188
Ghana,2001,Gross Domestic Product (GDP),570.6396045
Ghana,2000,Gross Domestic Product (GDP),548.2580474
Ghana,1999,Gross Domestic Product (GDP),870.2745699
Ghana,1998,Gross Domestic Product (GDP),864.5710344
Ghana,1997,Gross Domestic Product (GDP),816.2490997
Ghana,1996,Gross Domestic Product (GDP),842.2054361
Ghana,1995,Gross Domestic Product (GDP),806.0353189
Ghana,1994,Gross Domestic Product (GDP),697.5957804
Ghana,1993,Gross Domestic Product (GDP),786.1682376
Ghana,1992,Gross Domestic Product (GDP),933.3330549
Ghana,1991,Gross Domestic Product (GDP),976.9203029
Ghana,1990,Gross Domestic Product (GDP),894.4196123
Ghana,1989,Gross Domestic Product (GDP),776.1221554
Ghana,1988,Gross Domestic Product (GDP),790.5453165
Ghana,1987,Gross Domestic Product (GDP),743.9942838
Ghana,1986,Gross Domestic Product (GDP),713.1990175
Ghana,1985,Gross Domestic Product (GDP),684.2980181
Ghana,1984,Gross Domestic Product (GDP),650.4851856
Ghana,1983,Gross Domestic Product (GDP),595.7314138
Ghana,1982,Gross Domestic Product (GDP),619.0562334
Ghana,1981,Gross Domestic Product (GDP),644.5266898
Ghana,1980,Gross Domestic Product (GDP),626.2560074
Ghana,1979,Gross Domestic Product (GDP),585.0087148
Ghana,1978,Gross Domestic Product (GDP),565.3694639
Ghana,1977,Gross Domestic Product (GDP),496.0679003
Ghana,1976,Gross Domestic Product (GDP),465.4521365
Ghana,1975,Gross Domestic Product (GDP),467.0814447
Ghana,1974,Gross Domestic Product (GDP),500.0324926
Ghana,1973,Gross Domestic Product (GDP),440.887696
Ghana,1972,Gross Domestic Product (GDP),485.5295225
Ghana,1971,Gross Domestic Product (GDP),571.5017416
Ghana,1970,Gross Domestic Product (GDP),537.7730534
Greece,2018,Gross Domestic Product (GDP),20731.20428
Greece,2017,Gross Domestic Product (GDP),19262.0129
Greece,2016,Gross Domestic Product (GDP),18390.87142
Greece,2015,Gross Domestic Product (GDP),18442.36113
Greece,2014,Gross Domestic Product (GDP),22149.22373
Greece,2013,Gross Domestic Product (GDP),22332.48093
Greece,2012,Gross Domestic Product (GDP),22787.10864
Greece,2011,Gross Domestic Product (GDP),26576.39033
Greece,2010,Gross Domestic Product (GDP),27495.55083
Greece,2009,Gross Domestic Product (GDP),30109.6984
Greece,2008,Gross Domestic Product (GDP),32107.24746
Greece,2007,Gross Domestic Product (GDP),28639.50873
Greece,2006,Gross Domestic Product (GDP),24434.34648
Greece,2005,Gross Domestic Product (GDP),22074.07149
Greece,2004,Gross Domestic Product (GDP),21409.15754
Greece,2003,Gross Domestic Product (GDP),17997.89692
Greece,2002,Gross Domestic Product (GDP),13757.26601
Greece,2001,Gross Domestic Product (GDP),12231.41234
Greece,2000,Gross Domestic Product (GDP),11885.75824
Greece,1999,Gross Domestic Product (GDP),13525.17819
Greece,1998,Gross Domestic Product (GDP),13165.74537
Greece,1997,Gross Domestic Product (GDP),13125.47464
Greece,1996,Gross Domestic Product (GDP),13465.30968
Greece,1995,Gross Domestic Product (GDP),12738.92521
Greece,1994,Gross Domestic Product (GDP),10954.22597
Greece,1993,Gross Domestic Product (GDP),10329.80604
Greece,1992,Gross Domestic Product (GDP),11153.23766
Greece,1991,Gross Domestic Product (GDP),10193.17297
Greece,1990,Gross Domestic Product (GDP),9572.952267
Greece,1989,Gross Domestic Product (GDP),7794.783984
Greece,1988,Gross Domestic Product (GDP),7549.277076
Greece,1987,Gross Domestic Product (GDP),6527.127654
Greece,1986,Gross Domestic Product (GDP),5629.405312
Greece,1985,Gross Domestic Product (GDP),4796.867058
Greece,1984,Gross Domestic Product (GDP),4842.596697
Greece,1983,Gross Domestic Product (GDP),5011.872047
Greece,1982,Gross Domestic Product (GDP),5573.719162
Greece,1981,Gross Domestic Product (GDP),5385.29149
Greece,1980,Gross Domestic Product (GDP),5904.709935
Greece,1979,Gross Domestic Product (GDP),5725.615849
Greece,1978,Gross Domestic Product (GDP),4713.637786
Greece,1977,Gross Domestic Product (GDP),3908.485954
Greece,1976,Gross Domestic Product (GDP),3414.254497
Greece,1975,Gross Domestic Product (GDP),3165.897044
Greece,1974,Gross Domestic Product (GDP),2840.9607
Greece,1973,Gross Domestic Product (GDP),2526.754143
Greece,1972,Gross Domestic Product (GDP),1923.463583
Greece,1971,Gross Domestic Product (GDP),1673.185577
Greece,1970,Gross Domestic Product (GDP),1515.971942
Iceland,2018,Gross Domestic Product (GDP),76867.29879
Iceland,2017,Gross Domestic Product (GDP),73246.25688
Iceland,2016,Gross Domestic Product (GDP),62064.99358
Iceland,2015,Gross Domestic Product (GDP),52655.47383
Iceland,2014,Gross Domestic Product (GDP),54042.5267
Iceland,2013,Gross Domestic Product (GDP),49004.13992
Iceland,2012,Gross Domestic Product (GDP),45214.14966
Iceland,2011,Gross Domestic Product (GDP),46861.72111
Iceland,2010,Gross Domestic Product (GDP),42717.74459
Iceland,2009,Gross Domestic Product (GDP),41652.12691
Iceland,2008,Gross Domestic Product (GDP),57599.81612
Iceland,2007,Gross Domestic Product (GDP),70498.56294
Iceland,2006,Gross Domestic Product (GDP),57441.67076
Iceland,2005,Gross Domestic Product (GDP),56995.71423
Iceland,2004,Gross Domestic Product (GDP),47525.13966
Iceland,2003,Gross Domestic Product (GDP),39638.75061
Iceland,2002,Gross Domestic Product (GDP),32575.22113
Iceland,2001,Gross Domestic Product (GDP),29003.72571
Iceland,2000,Gross Domestic Product (GDP),32105.99814
Iceland,1999,Gross Domestic Product (GDP),32287.0764
Iceland,1998,Gross Domestic Product (GDP),30854.39238
Iceland,1997,Gross Domestic Product (GDP),27798.82535
Iceland,1996,Gross Domestic Product (GDP),27136.64719
Iceland,1995,Gross Domestic Product (GDP),26223.25596
Iceland,1994,Gross Domestic Product (GDP),23741.61926
Iceland,1993,Gross Domestic Product (GDP),23325.02527
Iceland,1992,Gross Domestic Product (GDP),26815.48904
Iceland,1991,Gross Domestic Product (GDP),26423.62936
Iceland,1990,Gross Domestic Product (GDP),24987.58173
Iceland,1989,Gross Domestic Product (GDP),22140.43581
Iceland,1988,Gross Domestic Product (GDP),24088.19499
Iceland,1987,Gross Domestic Product (GDP),22013.38897
Iceland,1986,Gross Domestic Product (GDP),16086.87539
Iceland,1985,Gross Domestic Product (GDP),12169.14919
Iceland,1984,Gross Domestic Product (GDP),11817.03431
Iceland,1983,Gross Domestic Product (GDP),11545.58628
Iceland,1982,Gross Domestic Product (GDP),13542.79152
Iceland,1981,Gross Domestic Product (GDP),14918.92026
Iceland,1980,Gross Domestic Product (GDP),14594.17733
Iceland,1979,Gross Domestic Product (GDP),12433.10712
Iceland,1978,Gross Domestic Product (GDP),11039.95992
Iceland,1977,Gross Domestic Product (GDP),9789.132261
Iceland,1976,Gross Domestic Product (GDP),7466.218208
Iceland,1975,Gross Domestic Product (GDP),6356.115063
Iceland,1974,Gross Domestic Product (GDP),6924.74349
Iceland,1973,Gross Domestic Product (GDP),5325.671429
Iceland,1972,Gross Domestic Product (GDP),3940.42705
Iceland,1971,Gross Domestic Product (GDP),3188.604936
Iceland,1970,Gross Domestic Product (GDP),2538.336833
India,2018,Gross Domestic Product (GDP),2054.757251
India,2017,Gross Domestic Product (GDP),1960.959579
India,2016,Gross Domestic Product (GDP),1726.087847
India,2015,Gross Domestic Product (GDP),1638.556402
India,2014,Gross Domestic Product (GDP),1576.827781
India,2013,Gross Domestic Product (GDP),1496.713497
India,2012,Gross Domestic Product (GDP),1470.14242
India,2011,Gross Domestic Product (GDP),1497.189524
India,2010,Gross Domestic Product (GDP),1352.706184
India,2009,Gross Domestic Product (GDP),1080.070556
India,2008,Gross Domestic Product (GDP),1055.635911
India,2007,Gross Domestic Product (GDP),1001.28043
India,2006,Gross Domestic Product (GDP),805.7292691
India,2005,Gross Domestic Product (GDP),717.6755434
India,2004,Gross Domestic Product (GDP),622.4454304
India,2003,Gross Domestic Product (GDP),539.3233904
India,2002,Gross Domestic Product (GDP),469.0081005
India,2001,Gross Domestic Product (GDP),456.4267589
India,2000,Gross Domestic Product (GDP),450.6521425
India,1999,Gross Domestic Product (GDP),444.860576
India,1998,Gross Domestic Product (GDP),421.3410078
India,1997,Gross Domestic Product (GDP),425.1623835
India,1996,Gross Domestic Product (GDP),400.7134092
India,1995,Gross Domestic Product (GDP),385.6976944
India,1994,Gross Domestic Product (GDP),346.3672402
India,1993,Gross Domestic Product (GDP),309.7612898
India,1992,Gross Domestic Product (GDP),322.9855066
India,1991,Gross Domestic Product (GDP),326.7240166
India,1990,Gross Domestic Product (GDP),376.9011799
India,1989,Gross Domestic Product (GDP),355.4325828
India,1988,Gross Domestic Product (GDP),368.3898665
India,1987,Gross Domestic Product (GDP),340.6006774
India,1986,Gross Domestic Product (GDP),314.7906704
India,1985,Gross Domestic Product (GDP),293.287157
India,1984,Gross Domestic Product (GDP),289.4321295
India,1983,Gross Domestic Product (GDP),297.3865508
India,1982,Gross Domestic Product (GDP),279.1316029
India,1981,Gross Domestic Product (GDP),278.9321283
India,1980,Gross Domestic Product (GDP),267.590034
India,1979,Gross Domestic Product (GDP),222.6394728
India,1978,Gross Domestic Product (GDP),206.0287999
India,1977,Gross Domestic Product (GDP),182.4614301
India,1976,Gross Domestic Product (GDP),160.6945447
India,1975,Gross Domestic Product (GDP),163.2721885
India,1974,Gross Domestic Product (GDP),160.9355564
India,1973,Gross Domestic Product (GDP),146.0250831
India,1972,Gross Domestic Product (GDP),125.1863264
India,1971,Gross Domestic Product (GDP),117.8063957
India,1970,Gross Domestic Product (GDP),112.4344934
"Iran, Islamic Republic of",2018,Gross Domestic Product (GDP),5783.494876
"Iran, Islamic Republic of",2017,Gross Domestic Product (GDP),5714.068676
"Iran, Islamic Republic of",2016,Gross Domestic Product (GDP),5346.672802
"Iran, Islamic Republic of",2015,Gross Domestic Product (GDP),5012.421483
"Iran, Islamic Republic of",2014,Gross Domestic Product (GDP),5731.259579
"Iran, Islamic Republic of",2013,Gross Domestic Product (GDP),7053.505877
"Iran, Islamic Republic of",2012,Gross Domestic Product (GDP),7982.634087
"Iran, Islamic Republic of",2011,Gross Domestic Product (GDP),8072.632493
"Iran, Islamic Republic of",2010,Gross Domestic Product (GDP),6657.834688
"Iran, Islamic Republic of",2009,Gross Domestic Product (GDP),5709.947975
"Iran, Islamic Republic of",2008,Gross Domestic Product (GDP),5717.314531
"Iran, Islamic Republic of",2007,Gross Domestic Product (GDP),4904.666305
"Iran, Islamic Republic of",2006,Gross Domestic Product (GDP),3774.35783
"Iran, Islamic Republic of",2005,Gross Domestic Product (GDP),3246.05109
"Iran, Islamic Republic of",2004,Gross Domestic Product (GDP),2756.198524
"Iran, Islamic Republic of",2003,Gross Domestic Product (GDP),2277.586137
"Iran, Islamic Republic of",2002,Gross Domestic Product (GDP),2230.074527
"Iran, Islamic Republic of",2001,Gross Domestic Product (GDP),1828.785561
"Iran, Islamic Republic of",2000,Gross Domestic Product (GDP),1700.839563
"Iran, Islamic Republic of",1999,Gross Domestic Product (GDP),1821.688791
"Iran, Islamic Republic of",1998,Gross Domestic Product (GDP),1767.540981
"Iran, Islamic Republic of",1997,Gross Domestic Product (GDP),1851.721944
"Iran, Islamic Republic of",1996,Gross Domestic Product (GDP),2015.293177
"Iran, Islamic Republic of",1995,Gross Domestic Product (GDP),1861.319728
"Iran, Islamic Republic of",1994,Gross Domestic Product (GDP),1887.664616
"Iran, Islamic Republic of",1993,Gross Domestic Product (GDP),1996.51835
"Iran, Islamic Republic of",1992,Gross Domestic Product (GDP),1866.184763
"Iran, Islamic Republic of",1991,Gross Domestic Product (GDP),1822.34802
"Iran, Islamic Republic of",1990,Gross Domestic Product (GDP),1709.599009
"Iran, Islamic Republic of",1989,Gross Domestic Product (GDP),1660.77602
"Iran, Islamic Republic of",1988,Gross Domestic Product (GDP),1740.266181
"Iran, Islamic Republic of",1987,Gross Domestic Product (GDP),1711.78249
"Iran, Islamic Republic of",1986,Gross Domestic Product (GDP),1493.936079
"Iran, Islamic Republic of",1985,Gross Domestic Product (GDP),1610.5894
"Iran, Islamic Republic of",1984,Gross Domestic Product (GDP),3641.80671
"Iran, Islamic Republic of",1983,Gross Domestic Product (GDP),3618.376456
"Iran, Islamic Republic of",1982,Gross Domestic Product (GDP),3037.824733
"Iran, Islamic Republic of",1981,Gross Domestic Product (GDP),2553.471611
"Iran, Islamic Republic of",1980,Gross Domestic Product (GDP),2473.915646
"Iran, Islamic Republic of",1979,Gross Domestic Product (GDP),2426.756167
"Iran, Islamic Republic of",1978,Gross Domestic Product (GDP),2168.236098
"Iran, Islamic Republic of",1977,Gross Domestic Product (GDP),2313.980876
"Iran, Islamic Republic of",1976,Gross Domestic Product (GDP),2025.808826
"Iran, Islamic Republic of",1975,Gross Domestic Product (GDP),1593.799181
"Iran, Islamic Republic of",1974,Gross Domestic Product (GDP),1453.309591
"Iran, Islamic Republic of",1973,Gross Domestic Product (GDP),876.2061906
"Iran, Islamic Republic of",1972,Gross Domestic Product (GDP),570.3508107
"Iran, Islamic Republic of",1971,Gross Domestic Product (GDP),468.9568119
"Iran, Islamic Republic of",1970,Gross Domestic Product (GDP),384.9441231
Iraq,2018,Gross Domestic Product (GDP),5523.07895
Iraq,2017,Gross Domestic Product (GDP),5076.691876
Iraq,2016,Gross Domestic Product (GDP),4550.658638
Iraq,2015,Gross Domestic Product (GDP),4688.318938
Iraq,2014,Gross Domestic Product (GDP),6637.683989
Iraq,2013,Gross Domestic Product (GDP),7076.554613
Iraq,2012,Gross Domestic Product (GDP),6836.027509
Iraq,2011,Gross Domestic Product (GDP),6045.495551
Iraq,2010,Gross Domestic Product (GDP),4657.280426
Iraq,2009,Gross Domestic Product (GDP),4441.430235
Iraq,2008,Gross Domestic Product (GDP),4351.977226
Iraq,2007,Gross Domestic Product (GDP),3182.947935
Iraq,2006,Gross Domestic Product (GDP),2361.013565
Iraq,2005,Gross Domestic Product (GDP),1855.522004
Iraq,2004,Gross Domestic Product (GDP),1392.356266
Iraq,2003,Gross Domestic Product (GDP),902.4730503
Iraq,2002,Gross Domestic Product (GDP),978.2673503
Iraq,2001,Gross Domestic Product (GDP),1021.683696
Iraq,2000,Gross Domestic Product (GDP),1006.779242
Iraq,1999,Gross Domestic Product (GDP),909.9955968
Iraq,1998,Gross Domestic Product (GDP),537.7350096
Iraq,1997,Gross Domestic Product (GDP),434.8663443
Iraq,1996,Gross Domestic Product (GDP),410.3868863
Iraq,1995,Gross Domestic Product (GDP),241.3549712
Iraq,1994,Gross Domestic Product (GDP),288.7973526
Iraq,1993,Gross Domestic Product (GDP),372.2090479
Iraq,1992,Gross Domestic Product (GDP),536.7746273
Iraq,1991,Gross Domestic Product (GDP),467.4871783
Iraq,1990,Gross Domestic Product (GDP),1370.731799
Iraq,1989,Gross Domestic Product (GDP),1354.019438
Iraq,1988,Gross Domestic Product (GDP),1462.696863
Iraq,1987,Gross Domestic Product (GDP),1400.970605
Iraq,1986,Gross Domestic Product (GDP),1170.243324
Iraq,1985,Gross Domestic Product (GDP),1084.965604
Iraq,1984,Gross Domestic Product (GDP),1077.185921
Iraq,1983,Gross Domestic Product (GDP),1064.083375
Iraq,1982,Gross Domestic Product (GDP),1146.148312
Iraq,1981,Gross Domestic Product (GDP),1121.390199
Iraq,1980,Gross Domestic Product (GDP),1284.739954
Iraq,1979,Gross Domestic Product (GDP),1208.390285
Iraq,1978,Gross Domestic Product (GDP),928.2401792
Iraq,1977,Gross Domestic Product (GDP),756.9539828
Iraq,1976,Gross Domestic Product (GDP),722.5812829
Iraq,1975,Gross Domestic Product (GDP),586.3617952
Iraq,1974,Gross Domestic Product (GDP),484.6853757
Iraq,1973,Gross Domestic Product (GDP),425.0879635
Iraq,1972,Gross Domestic Product (GDP),350.0954386
Iraq,1971,Gross Domestic Product (GDP),360.2939449
Iraq,1970,Gross Domestic Product (GDP),331.5803251
Japan,2018,Gross Domestic Product (GDP),39082.05513
Japan,2017,Gross Domestic Product (GDP),38116.44464
Japan,2016,Gross Domestic Product (GDP),38560.90471
Japan,2015,Gross Domestic Product (GDP),34296.76182
Japan,2014,Gross Domestic Product (GDP),37843.99658
Japan,2013,Gross Domestic Product (GDP),40180.41072
Japan,2012,Gross Domestic Product (GDP),48302.7615
Japan,2011,Gross Domestic Product (GDP),47918.35946
Japan,2010,Gross Domestic Product (GDP),44344.12458
Japan,2009,Gross Domestic Product (GDP),40693.67659
Japan,2008,Gross Domestic Product (GDP),39193.72824
Japan,2007,Gross Domestic Product (GDP),35139.86173
Japan,2006,Gross Domestic Product (GDP),35277.06216
Japan,2005,Gross Domestic Product (GDP),37057.22791
Japan,2004,Gross Domestic Product (GDP),37558.58401
Japan,2003,Gross Domestic Product (GDP),34715.88289
Japan,2002,Gross Domestic Product (GDP),32176.21872
Japan,2001,Gross Domestic Product (GDP),33696.76287
Japan,2000,Gross Domestic Product (GDP),38326.22148
Japan,1999,Gross Domestic Product (GDP),35829.88639
Japan,1998,Gross Domestic Product (GDP),31722.71193
Japan,1997,Gross Domestic Product (GDP),34791.07064
Japan,1996,Gross Domestic Product (GDP),38167.70538
Japan,1995,Gross Domestic Product (GDP),43121.88217
Japan,1994,Gross Domestic Product (GDP),38928.34032
Japan,1993,Gross Domestic Product (GDP),35432.63209
Japan,1992,Gross Domestic Product (GDP),31187.80806
Japan,1991,Gross Domestic Product (GDP),28691.48728
Japan,1990,Gross Domestic Product (GDP),25162.13497
Japan,1989,Gross Domestic Product (GDP),24624.78028
Japan,1988,Gross Domestic Product (GDP),24854.92227
Japan,1987,Gross Domestic Product (GDP),20579.77413
Japan,1986,Gross Domestic Product (GDP),16969.7813
Japan,1985,Gross Domestic Product (GDP),11477.29394
Japan,1984,Gross Domestic Product (GDP),10878.69966
Japan,1983,Gross Domestic Product (GDP),10324.23958
Japan,1982,Gross Domestic Product (GDP),9485.521361
Japan,1981,Gross Domestic Product (GDP),10266.65193
Japan,1980,Gross Domestic Product (GDP),9382.231547
Japan,1979,Gross Domestic Product (GDP),9027.432087
Japan,1978,Gross Domestic Product (GDP),8747.14563
Japan,1977,Gross Domestic Product (GDP),6282.55166
Japan,1976,Gross Domestic Product (GDP),5156.281056
Japan,1975,Gross Domestic Product (GDP),4639.501126
Japan,1974,Gross Domestic Product (GDP),4320.071896
Japan,1973,Gross Domestic Product (GDP),3944.933749
Japan,1972,Gross Domestic Product (GDP),2945.38803
Japan,1971,Gross Domestic Product (GDP),2256.491111
Japan,1970,Gross Domestic Product (GDP),2026.21467
Lebanon,2018,Gross Domestic Product (GDP),8223.657767
Lebanon,2017,Gross Domestic Product (GDP),7829.722702
Lebanon,2016,Gross Domestic Product (GDP),7631.353236
Lebanon,2015,Gross Domestic Product (GDP),7649.832627
Lebanon,2014,Gross Domestic Product (GDP),7713.745443
Lebanon,2013,Gross Domestic Product (GDP),7925.994476
Lebanon,2012,Gross Domestic Product (GDP),7987.328791
Lebanon,2011,Gross Domestic Product (GDP),7703.861577
Lebanon,2010,Gross Domestic Product (GDP),7756.74581
Lebanon,2009,Gross Domestic Product (GDP),7371.096741
Lebanon,2008,Gross Domestic Product (GDP),6134.127547
Lebanon,2007,Gross Domestic Product (GDP),5217.475217
Lebanon,2006,Gross Domestic Product (GDP),4632.318081
Lebanon,2005,Gross Domestic Product (GDP),4573.533555
Lebanon,2004,Gross Domestic Product (GDP),4627.657988
Lebanon,2003,Gross Domestic Product (GDP),4512.280099
Lebanon,2002,Gross Domestic Product (GDP),4474.28117
Lebanon,2001,Gross Domestic Product (GDP),4275.937288
Lebanon,2000,Gross Domestic Product (GDP),4340.229536
Lebanon,1999,Gross Domestic Product (GDP),4538.432325
Lebanon,1998,Gross Domestic Product (GDP),4578.307818
Lebanon,1997,Gross Domestic Product (GDP),4262.796261
Lebanon,1996,Gross Domestic Product (GDP),3775.597657
Lebanon,1995,Gross Domestic Product (GDP),3260.974569
Lebanon,1994,Gross Domestic Product (GDP),2751.26866
Lebanon,1993,Gross Domestic Product (GDP),2436.449353
Lebanon,1992,Gross Domestic Product (GDP),1864.086371
Lebanon,1991,Gross Domestic Product (GDP),1490.812819
Lebanon,1990,Gross Domestic Product (GDP),1052.497175
Lebanon,1989,Gross Domestic Product (GDP),1046.065391
Lebanon,1988,Gross Domestic Product (GDP),1295.108652
Lebanon,1987,Gross Domestic Product (GDP),817.2046191
Lebanon,1986,Gross Domestic Product (GDP),1055.507447
Lebanon,1985,Gross Domestic Product (GDP),858.0024639
Lebanon,1984,Gross Domestic Product (GDP),1001.871574
Lebanon,1983,Gross Domestic Product (GDP),1435.06383
Lebanon,1982,Gross Domestic Product (GDP),1362.496253
Lebanon,1981,Gross Domestic Product (GDP),2006.873356
Lebanon,1980,Gross Domestic Product (GDP),2103.971343
Lebanon,1979,Gross Domestic Product (GDP),1774.227008
Lebanon,1978,Gross Domestic Product (GDP),1532.545104
Lebanon,1977,Gross Domestic Product (GDP),1372.95954
Lebanon,1976,Gross Domestic Product (GDP),734.9899532
Lebanon,1975,Gross Domestic Product (GDP),1690.629267
Lebanon,1974,Gross Domestic Product (GDP),1841.77595
Lebanon,1973,Gross Domestic Product (GDP),1465.33116
Lebanon,1972,Gross Domestic Product (GDP),1153.353739
Lebanon,1971,Gross Domestic Product (GDP),949.7151915
Lebanon,1970,Gross Domestic Product (GDP),865.9826452
Libya,2018,Gross Domestic Product (GDP),5147.333759
Libya,2017,Gross Domestic Product (GDP),3817.248991
Libya,2016,Gross Domestic Product (GDP),2359.718945
Libya,2015,Gross Domestic Product (GDP),2752.38466
Libya,2014,Gross Domestic Product (GDP),5315.581601
Libya,2013,Gross Domestic Product (GDP),10414.84526
Libya,2012,Gross Domestic Product (GDP),16094.44425
Libya,2011,Gross Domestic Product (GDP),6496.624235
Libya,2010,Gross Domestic Product (GDP),13060.15181
Libya,2009,Gross Domestic Product (GDP),11222.42149
Libya,2008,Gross Domestic Product (GDP),15733.70686
Libya,2007,Gross Domestic Product (GDP),10488.75158
Libya,2006,Gross Domestic Product (GDP),9355.857102
Libya,2005,Gross Domestic Product (GDP),7838.335308
Libya,2004,Gross Domestic Product (GDP),5830.446721
Libya,2003,Gross Domestic Product (GDP),4667.859197
Libya,2002,Gross Domestic Product (GDP),3961.724438
Libya,2001,Gross Domestic Product (GDP),6257.537291
Libya,2000,Gross Domestic Product (GDP),7180.158489
Libya,1999,Gross Domestic Product (GDP),6376.088565
Libya,1998,Gross Domestic Product (GDP),5752.941369
Libya,1997,Gross Domestic Product (GDP),6485.723906
Libya,1996,Gross Domestic Product (GDP),6211.89901
Libya,1995,Gross Domestic Product (GDP),5717.033635
Libya,1994,Gross Domestic Product (GDP),6338.47996
Libya,1993,Gross Domestic Product (GDP),6935.010742
Libya,1992,Gross Domestic Product (GDP),7836.728884
Libya,1991,Gross Domestic Product (GDP),7572.063644
Libya,1990,Gross Domestic Product (GDP),7007.14982
Libya,1989,Gross Domestic Product (GDP),6250.432543
Libya,1988,Gross Domestic Product (GDP),6056.215857
Libya,1987,Gross Domestic Product (GDP),5509.530179
Libya,1986,Gross Domestic Product (GDP),6088.204599
Libya,1985,Gross Domestic Product (GDP),7715.210932
Libya,1984,Gross Domestic Product (GDP),7722.726547
Libya,1983,Gross Domestic Product (GDP),8795.857855
Libya,1982,Gross Domestic Product (GDP),9437.001357
Libya,1981,Gross Domestic Product (GDP),9987.704742
Libya,1980,Gross Domestic Product (GDP),11860.90868
Libya,1979,Gross Domestic Product (GDP),9149.136182
Libya,1978,Gross Domestic Product (GDP),6893.786567
Libya,1977,Gross Domestic Product (GDP),7261.733265
Libya,1976,Gross Domestic Product (GDP),6432.136149
Libya,1975,Gross Domestic Product (GDP),5160.076615
Libya,1974,Gross Domestic Product (GDP),5527.1508
Libya,1973,Gross Domestic Product (GDP),3292.514714
Libya,1972,Gross Domestic Product (GDP),2511.169742
Libya,1971,Gross Domestic Product (GDP),2190.396275
Libya,1970,Gross Domestic Product (GDP),1864.929005
New Zealand,2018,Gross Domestic Product (GDP),43836.15252
New Zealand,2017,Gross Domestic Product (GDP),43686.59709
New Zealand,2016,Gross Domestic Product (GDP),40397.71611
New Zealand,2015,Gross Domestic Product (GDP),38458.40251
New Zealand,2014,Gross Domestic Product (GDP),43969.96484
New Zealand,2013,Gross Domestic Product (GDP),42222.80654
New Zealand,2012,Gross Domestic Product (GDP),39430.36412
New Zealand,2011,Gross Domestic Product (GDP),38124.97737
New Zealand,2010,Gross Domestic Product (GDP),33542.73499
New Zealand,2009,Gross Domestic Product (GDP),28066.36238
New Zealand,2008,Gross Domestic Product (GDP),31152.95448
New Zealand,2007,Gross Domestic Product (GDP),32439.66335
New Zealand,2006,Gross Domestic Product (GDP),26663.88763
New Zealand,2005,Gross Domestic Product (GDP),27741.47936
New Zealand,2004,Gross Domestic Product (GDP),25106.55974
New Zealand,2003,Gross Domestic Product (GDP),20862.49232
New Zealand,2002,Gross Domestic Product (GDP),15775.20408
New Zealand,2001,Gross Domestic Product (GDP),13845.95692
New Zealand,2000,Gross Domestic Product (GDP),14108.16115
New Zealand,1999,Gross Domestic Product (GDP),15694.00447
New Zealand,1998,Gross Domestic Product (GDP),15111.17
New Zealand,1997,Gross Domestic Product (GDP),18468.93764
New Zealand,1996,Gross Domestic Product (GDP),18694.1035
New Zealand,1995,Gross Domestic Product (GDP),17184.36352
New Zealand,1994,Gross Domestic Product (GDP),14783.31947
New Zealand,1993,Gross Domestic Product (GDP),12804.559
New Zealand,1992,Gross Domestic Product (GDP),12006.54407
New Zealand,1991,Gross Domestic Product (GDP),12719.48392
New Zealand,1990,Gross Domestic Product (GDP),13371.95152
New Zealand,1989,Gross Domestic Product (GDP),13280.20505
New Zealand,1988,Gross Domestic Product (GDP),13883.53642
New Zealand,1987,Gross Domestic Product (GDP),11615.69218
New Zealand,1986,Gross Domestic Product (GDP),9206.369807
New Zealand,1985,Gross Domestic Product (GDP),7376.38609
New Zealand,1984,Gross Domestic Product (GDP),7384.422386
New Zealand,1983,Gross Domestic Product (GDP),7739.729336
New Zealand,1982,Gross Domestic Product (GDP),7866.655849
New Zealand,1981,Gross Domestic Product (GDP),7956.369031
New Zealand,1980,Gross Domestic Product (GDP),7425.313216
New Zealand,1979,Gross Domestic Product (GDP),6697.098056
New Zealand,1978,Gross Domestic Product (GDP),5901.956499
New Zealand,1977,Gross Domestic Product (GDP),4869.987648
New Zealand,1976,Gross Domestic Product (GDP),4472.804582
New Zealand,1975,Gross Domestic Product (GDP),4484.550147
New Zealand,1974,Gross Domestic Product (GDP),4688.057187
New Zealand,1973,Gross Domestic Product (GDP),4249.914013
New Zealand,1972,Gross Domestic Product (GDP),3296.331416
New Zealand,1971,Gross Domestic Product (GDP),2764.958904
New Zealand,1970,Gross Domestic Product (GDP),2305.171604
Norway,2018,Gross Domestic Product (GDP),81335.65122
Norway,2017,Gross Domestic Product (GDP),75220.81444
Norway,2016,Gross Domestic Product (GDP),70238.71867
Norway,2015,Gross Domestic Product (GDP),74194.94578
Norway,2014,Gross Domestic Product (GDP),96924.22507
Norway,2013,Gross Domestic Product (GDP),102916.8546
Norway,2012,Gross Domestic Product (GDP),101622.6345
Norway,2011,Gross Domestic Product (GDP),100697.2935
Norway,2010,Gross Domestic Product (GDP),87754.34803
Norway,2009,Gross Domestic Product (GDP),80008.39019
Norway,2008,Gross Domestic Product (GDP),96887.05914
Norway,2007,Gross Domestic Product (GDP),84955.54737
Norway,2006,Gross Domestic Product (GDP),73952.49679
Norway,2005,Gross Domestic Product (GDP),66679.62277
Norway,2004,Gross Domestic Product (GDP),57524.5786
Norway,2003,Gross Domestic Product (GDP),50077.16847
Norway,2002,Gross Domestic Product (GDP),43010.09407
Norway,2001,Gross Domestic Product (GDP),38462.86281
Norway,2000,Gross Domestic Product (GDP),38060.0917
Norway,1999,Gross Domestic Product (GDP),36272.88993
Norway,1998,Gross Domestic Product (GDP),34663.04681
Norway,1997,Gross Domestic Product (GDP),36503.85721
Norway,1996,Gross Domestic Product (GDP),37221.06048
Norway,1995,Gross Domestic Product (GDP),34813.56224
Norway,1994,Gross Domestic Product (GDP),29282.13265
Norway,1993,Gross Domestic Product (GDP),27932.47595
Norway,1992,Gross Domestic Product (GDP),30479.31155
Norway,1991,Gross Domestic Product (GDP),28544.91002
Norway,1990,Gross Domestic Product (GDP),28204.10826
Norway,1989,Gross Domestic Product (GDP),24285.57187
Norway,1988,Gross Domestic Product (GDP),24227.61417
Norway,1987,Gross Domestic Product (GDP),22505.72609
Norway,1986,Gross Domestic Product (GDP),18874.24619
Norway,1985,Gross Domestic Product (GDP),15751.2575
Norway,1984,Gross Domestic Product (GDP),14996.19451
Norway,1983,Gross Domestic Product (GDP),14941.50863
Norway,1982,Gross Domestic Product (GDP),15236.40517
Norway,1981,Gross Domestic Product (GDP),15515.24307
Norway,1980,Gross Domestic Product (GDP),15770.40093
Norway,1979,Gross Domestic Product (GDP),13045.49874
Norway,1978,Gross Domestic Product (GDP),11461.30508
Norway,1977,Gross Domestic Product (GDP),10263.26498
Norway,1976,Gross Domestic Product (GDP),8924.241841
Norway,1975,Gross Domestic Product (GDP),8202.916375
Norway,1974,Gross Domestic Product (GDP),6810.691658
Norway,1973,Gross Domestic Product (GDP),5689.282987
Norway,1972,Gross Domestic Product (GDP),4412.733806
Norway,1971,Gross Domestic Product (GDP),3734.2123
Norway,1970,Gross Domestic Product (GDP),3305.98465
Pakistan,2018,Gross Domestic Product (GDP),1330.386326
Pakistan,2017,Gross Domestic Product (GDP),1457.830166
Pakistan,2016,Gross Domestic Product (GDP),1362.860008
Pakistan,2015,Gross Domestic Product (GDP),1339.012975
Pakistan,2014,Gross Domestic Product (GDP),1274.669722
Pakistan,2013,Gross Domestic Product (GDP),1151.666255
Pakistan,2012,Gross Domestic Product (GDP),1146.099479
Pakistan,2011,Gross Domestic Product (GDP),1154.529152
Pakistan,2010,Gross Domestic Product (GDP),972.5973129
Pakistan,2009,Gross Domestic Product (GDP),920.3080544
Pakistan,2008,Gross Domestic Product (GDP),880.2118723
Pakistan,2007,Gross Domestic Product (GDP),906.5354757
Pakistan,2006,Gross Domestic Product (GDP),831.1019736
Pakistan,2005,Gross Domestic Product (GDP),734.2823553
Pakistan,2004,Gross Domestic Product (GDP),666.084545
Pakistan,2003,Gross Domestic Product (GDP),594.3472229
Pakistan,2002,Gross Domestic Product (GDP),537.3006833
Pakistan,2001,Gross Domestic Product (GDP),501.9153795
Pakistan,2000,Gross Domestic Product (GDP),540.0028401
Pakistan,1999,Gross Domestic Product (GDP),561.0803849
Pakistan,1998,Gross Domestic Product (GDP),577.6069095
Pakistan,1997,Gross Domestic Product (GDP),590.5382242
Pakistan,1996,Gross Domestic Product (GDP),604.6344065
Pakistan,1995,Gross Domestic Product (GDP),624.2370736
Pakistan,1994,Gross Domestic Product (GDP),555.9829089
Pakistan,1993,Gross Domestic Product (GDP),530.6672332
Pakistan,1992,Gross Domestic Product (GDP),552.6972629
Pakistan,1991,Gross Domestic Product (GDP),505.271536
Pakistan,1990,Gross Domestic Product (GDP),479.955148
Pakistan,1989,Gross Domestic Product (GDP),469.8009001
Pakistan,1988,Gross Domestic Product (GDP),484.8165183
Pakistan,1987,Gross Domestic Product (GDP),438.650321
Pakistan,1986,Gross Domestic Product (GDP),425.3288269
Pakistan,1985,Gross Domestic Product (GDP),421.300858
Pakistan,1984,Gross Domestic Product (GDP),438.9537034
Pakistan,1983,Gross Domestic Product (GDP),421.8498894
Pakistan,1982,Gross Domestic Product (GDP),429.7053447
Pakistan,1981,Gross Domestic Product (GDP),456.3689532
Pakistan,1980,Gross Domestic Product (GDP),397.085881
Pakistan,1979,Gross Domestic Product (GDP),341.4132589
Pakistan,1978,Gross Domestic Product (GDP),318.8414808
Pakistan,1977,Gross Domestic Product (GDP),279.3136763
Pakistan,1976,Gross Domestic Product (GDP),250.660663
Pakistan,1975,Gross Domestic Product (GDP),220.2347197
Pakistan,1974,Gross Domestic Product (GDP),179.6530133
Pakistan,1973,Gross Domestic Product (GDP),140.2315012
Pakistan,1972,Gross Domestic Product (GDP),134.4348391
Pakistan,1971,Gross Domestic Product (GDP),233.9646063
Pakistan,1970,Gross Domestic Product (GDP),225.9854874
Singapore,2018,Gross Domestic Product (GDP),62720.87958
Singapore,2017,Gross Domestic Product (GDP),58983.26462
Singapore,2016,Gross Domestic Product (GDP),55991.89327
Singapore,2015,Gross Domestic Product (GDP),54765.04729
Singapore,2014,Gross Domestic Product (GDP),56692.30725
Singapore,2013,Gross Domestic Product (GDP),55953.76466
Singapore,2012,Gross Domestic Product (GDP),54308.76638
Singapore,2011,Gross Domestic Product (GDP),52553.40927
Singapore,2010,Gross Domestic Product (GDP),46075.30935
Singapore,2009,Gross Domestic Product (GDP),38739.96276
Singapore,2008,Gross Domestic Product (GDP),40251.0662
Singapore,2007,Gross Domestic Product (GDP),39308.93947
Singapore,2006,Gross Domestic Product (GDP),33571.78678
Singapore,2005,Gross Domestic Product (GDP),29870.42402
Singapore,2004,Gross Domestic Product (GDP),27335.60473
Singapore,2003,Gross Domestic Product (GDP),23491.64929
Singapore,2002,Gross Domestic Product (GDP),22400.68374
Singapore,2001,Gross Domestic Product (GDP),21898.92373
Singapore,2000,Gross Domestic Product (GDP),23787.30195
Singapore,1999,Gross Domestic Product (GDP),21818.18964
Singapore,1998,Gross Domestic Product (GDP),22199.92232
Singapore,1997,Gross Domestic Product (GDP),26695.05979
Singapore,1996,Gross Domestic Product (GDP),26496.97971
Singapore,1995,Gross Domestic Product (GDP),24926.92366
Singapore,1994,Gross Domestic Product (GDP),21598.96777
Singapore,1993,Gross Domestic Product (GDP),18344.96581
Singapore,1992,Gross Domestic Product (GDP),16301.03688
Singapore,1991,Gross Domestic Product (GDP),14663.32511
Singapore,1990,Gross Domestic Product (GDP),12910.82074
Singapore,1989,Gross Domestic Product (GDP),10687.78328
Singapore,1988,Gross Domestic Product (GDP),9228.256214
Singapore,1987,Gross Domestic Product (GDP),7670.045714
Singapore,1986,Gross Domestic Product (GDP),6792.094056
Singapore,1985,Gross Domestic Product (GDP),6858.185137
Singapore,1984,Gross Domestic Product (GDP),7392.74937
Singapore,1983,Gross Domestic Product (GDP),6975.048997
Singapore,1982,Gross Domestic Product (GDP),6304.069677
Singapore,1981,Gross Domestic Product (GDP),5837.452501
Singapore,1980,Gross Domestic Product (GDP),5008.475681
Singapore,1979,Gross Domestic Product (GDP),4096.643077
Singapore,1978,Gross Domestic Product (GDP),3443.402731
Singapore,1977,Gross Domestic Product (GDP),2895.355736
Singapore,1976,Gross Domestic Product (GDP),2652.66093
Singapore,1975,Gross Domestic Product (GDP),2561.922263
Singapore,1974,Gross Domestic Product (GDP),2362.911131
Singapore,1973,Gross Domestic Product (GDP),1930.74567
Singapore,1972,Gross Domestic Product (GDP),1371.891324
Singapore,1971,Gross Domestic Product (GDP),1075.495003
Singapore,1970,Gross Domestic Product (GDP),926.2712416
Sri Lanka,2018,Gross Domestic Product (GDP),4189.687658
Sri Lanka,2017,Gross Domestic Product (GDP),4166.014891
Sri Lanka,2016,Gross Domestic Product (GDP),3919.907938
Sri Lanka,2015,Gross Domestic Product (GDP),3855.173736
Sri Lanka,2014,Gross Domestic Product (GDP),3817.322862
Sri Lanka,2013,Gross Domestic Product (GDP),3596.652156
Sri Lanka,2012,Gross Domestic Product (GDP),3332.964742
Sri Lanka,2011,Gross Domestic Product (GDP),3200.860618
Sri Lanka,2010,Gross Domestic Product (GDP),2799.649154
Sri Lanka,2009,Gross Domestic Product (GDP),2392.379807
Sri Lanka,2008,Gross Domestic Product (GDP),2331.632688
Sri Lanka,2007,Gross Domestic Product (GDP),1865.91291
Sri Lanka,2006,Gross Domestic Product (GDP),1643.233356
Sri Lanka,2005,Gross Domestic Product (GDP),1429.111747
Sri Lanka,2004,Gross Domestic Product (GDP),1219.693003
Sri Lanka,2003,Gross Domestic Product (GDP),1124.071703
Sri Lanka,2002,Gross Domestic Product (GDP),1026.772461
Sri Lanka,2001,Gross Domestic Product (GDP),971.0487117
Sri Lanka,2000,Gross Domestic Product (GDP),1018.862658
Sri Lanka,1999,Gross Domestic Product (GDP),988.1597653
Sri Lanka,1998,Gross Domestic Product (GDP),1000.191486
Sri Lanka,1997,Gross Domestic Product (GDP),967.612347
Sri Lanka,1996,Gross Domestic Product (GDP),899.1518958
Sri Lanka,1995,Gross Domestic Product (GDP),838.3005094
Sri Lanka,1994,Gross Domestic Product (GDP),766.44876
Sri Lanka,1993,Gross Domestic Product (GDP),682.6630802
Sri Lanka,1992,Gross Domestic Product (GDP),641.9601914
Sri Lanka,1991,Gross Domestic Product (GDP),603.0304575
Sri Lanka,1990,Gross Domestic Product (GDP),541.941245
Sri Lanka,1989,Gross Domestic Product (GDP),476.3300143
Sri Lanka,1988,Gross Domestic Product (GDP),482.2163842
Sri Lanka,1987,Gross Domestic Product (GDP),455.9105723
Sri Lanka,1986,Gross Domestic Product (GDP),443.8377419
Sri Lanka,1985,Gross Domestic Product (GDP),424.8609587
Sri Lanka,1984,Gross Domestic Product (GDP),429.7526412
Sri Lanka,1983,Gross Domestic Product (GDP),381.2381227
Sri Lanka,1982,Gross Domestic Product (GDP),357.7123529
Sri Lanka,1981,Gross Domestic Product (GDP),340.2752878
Sri Lanka,1980,Gross Domestic Product (GDP),325.2635172
Sri Lanka,1979,Gross Domestic Product (GDP),274.6836749
Sri Lanka,1978,Gross Domestic Product (GDP),228.8869549
Sri Lanka,1977,Gross Domestic Product (GDP),340.0958415
Sri Lanka,1976,Gross Domestic Product (GDP),306.1920291
Sri Lanka,1975,Gross Domestic Product (GDP),327.8643639
Sri Lanka,1974,Gross Domestic Product (GDP),322.8399706
Sri Lanka,1973,Gross Domestic Product (GDP),264.2894791
Sri Lanka,1972,Gross Domestic Product (GDP),247.5419272
Sri Lanka,1971,Gross Domestic Product (GDP),226.0239228
Sri Lanka,1970,Gross Domestic Product (GDP),225.4676192
Sweden,2018,Gross Domestic Product (GDP),55766.81473
Sweden,2017,Gross Domestic Product (GDP),54573.53983
Sweden,2016,Gross Domestic Product (GDP),52434.32322
Sweden,2015,Gross Domestic Product (GDP),51577.39076
Sweden,2014,Gross Domestic Product (GDP),59868.08728
Sweden,2013,Gross Domestic Product (GDP),60785.69531
Sweden,2012,Gross Domestic Product (GDP),57732.14207
Sweden,2011,Gross Domestic Product (GDP),60500.8501
Sweden,2010,Gross Domestic Product (GDP),52749.70801
Sweden,2009,Gross Domestic Product (GDP),46720.60961
Sweden,2008,Gross Domestic Product (GDP),55802.27866
Sweden,2007,Gross Domestic Product (GDP),53255.29625
Sweden,2006,Gross Domestic Product (GDP),46197.59724
Sweden,2005,Gross Domestic Product (GDP),43120.84417
Sweden,2004,Gross Domestic Product (GDP),42558.10185
Sweden,2003,Gross Domestic Product (GDP),37119.06954
Sweden,2002,Gross Domestic Product (GDP),29743.80522
Sweden,2001,Gross Domestic Product (GDP),27087.4058
Sweden,2000,Gross Domestic Product (GDP),29424.31712
Sweden,1999,Gross Domestic Product (GDP),30687.35657
Sweden,1998,Gross Domestic Product (GDP),30314.70766
Sweden,1997,Gross Domestic Product (GDP),30035.89248
Sweden,1996,Gross Domestic Product (GDP),32706.99327
Sweden,1995,Gross Domestic Product (GDP),30034.09906
Sweden,1994,Gross Domestic Product (GDP),25831.66638
Sweden,1993,Gross Domestic Product (GDP),24147.07207
Sweden,1992,Gross Domestic Product (GDP),32462.31051
Sweden,1991,Gross Domestic Product (GDP),31534.02597
Sweden,1990,Gross Domestic Product (GDP),30312.95706
Sweden,1989,Gross Domestic Product (GDP),25388.70953
Sweden,1988,Gross Domestic Product (GDP),24252.66602
Sweden,1987,Gross Domestic Product (GDP),21554.31199
Sweden,1986,Gross Domestic Product (GDP),17801.594
Sweden,1985,Gross Domestic Product (GDP),13543.13464
Sweden,1984,Gross Domestic Product (GDP),12985.79701
Sweden,1983,Gross Domestic Product (GDP),12499.86242
Sweden,1982,Gross Domestic Product (GDP),13619.66343
Sweden,1981,Gross Domestic Product (GDP),15449.41256
Sweden,1980,Gross Domestic Product (GDP),16946.10369
Sweden,1979,Gross Domestic Product (GDP),14744.17228
Sweden,1978,Gross Domestic Product (GDP),12514.51547
Sweden,1977,Gross Domestic Product (GDP),11355.9477
Sweden,1976,Gross Domestic Product (GDP),10778.0432
Sweden,1975,Gross Domestic Product (GDP),10028.49058
Sweden,1974,Gross Domestic Product (GDP),8009.872678
Sweden,1973,Gross Domestic Product (GDP),7227.935966
Sweden,1972,Gross Domestic Product (GDP),5974.268171
Sweden,1971,Gross Domestic Product (GDP),5092.284837
Sweden,1970,Gross Domestic Product (GDP),4690.354433
Switzerland,2018,Gross Domestic Product (GDP),82708.51439
Switzerland,2017,Gross Domestic Product (GDP),80412.28037
Switzerland,2016,Gross Domestic Product (GDP),80109.28955
Switzerland,2015,Gross Domestic Product (GDP),81939.3429
Switzerland,2014,Gross Domestic Product (GDP),86422.42104
Switzerland,2013,Gross Domestic Product (GDP),84907.45247
Switzerland,2012,Gross Domestic Product (GDP),83421.90473
Switzerland,2011,Gross Domestic Product (GDP),88476.07771
Switzerland,2010,Gross Domestic Product (GDP),74760.82407
Switzerland,2009,Gross Domestic Product (GDP),70196.1253
Switzerland,2008,Gross Domestic Product (GDP),72724.86203
Switzerland,2007,Gross Domestic Product (GDP),63676.24261
Switzerland,2006,Gross Domestic Product (GDP),57778.05393
Switzerland,2005,Gross Domestic Product (GDP),55327.89939
Switzerland,2004,Gross Domestic Product (GDP),53820.20264
Switzerland,2003,Gross Domestic Product (GDP),48556.72454
Switzerland,2002,Gross Domestic Product (GDP),41745.09999
Switzerland,2001,Gross Domestic Product (GDP),38810.73071
Switzerland,2000,Gross Domestic Product (GDP),38081.99261
Switzerland,1999,Gross Domestic Product (GDP),40747.72693
Switzerland,1998,Gross Domestic Product (GDP),41603.49867
Switzerland,1997,Gross Domestic Product (GDP),40534.2496
Switzerland,1996,Gross Domestic Product (GDP),46900.74879
Switzerland,1995,Gross Domestic Product (GDP),48977.90186
Switzerland,1994,Gross Domestic Product (GDP),42177.97039
Switzerland,1993,Gross Domestic Product (GDP),38484.88598
Switzerland,1992,Gross Domestic Product (GDP),40013.9238
Switzerland,1991,Gross Domestic Product (GDP),38863.2221
Switzerland,1990,Gross Domestic Product (GDP),38791.43453
Switzerland,1989,Gross Domestic Product (GDP),30629.72303
Switzerland,1988,Gross Domestic Product (GDP),31950.38056
Switzerland,1987,Gross Domestic Product (GDP),29715.73656
Switzerland,1986,Gross Domestic Product (GDP),23865.26982
Switzerland,1985,Gross Domestic Product (GDP),16745.59682
Switzerland,1984,Gross Domestic Product (GDP),16617.2302
Switzerland,1983,Gross Domestic Product (GDP),17510.86743
Switzerland,1982,Gross Domestic Product (GDP),17672.14646
Switzerland,1981,Gross Domestic Product (GDP),17311.46246
Switzerland,1980,Gross Domestic Product (GDP),18938.72128
Switzerland,1979,Gross Domestic Product (GDP),17757.30426
Switzerland,1978,Gross Domestic Product (GDP),15759.46562
Switzerland,1977,Gross Domestic Product (GDP),11233.62212
Switzerland,1976,Gross Domestic Product (GDP),10494.39363
Switzerland,1975,Gross Domestic Product (GDP),10031.5952
Switzerland,1974,Gross Domestic Product (GDP),8770.96105
Switzerland,1973,Gross Domestic Product (GDP),7646.274849
Switzerland,1972,Gross Domestic Product (GDP),5723.253403
Switzerland,1971,Gross Domestic Product (GDP),4702.678408
Switzerland,1970,Gross Domestic Product (GDP),3946.502458
Syrian Arab Republic,2018,Gross Domestic Product (GDP),981.301766
Syrian Arab Republic,2017,Gross Domestic Product (GDP),771.0774984
Syrian Arab Republic,2016,Gross Domestic Product (GDP),708.6716873
Syrian Arab Republic,2015,Gross Domestic Product (GDP),1060.713972
Syrian Arab Republic,2014,Gross Domestic Product (GDP),1235.356766
Syrian Arab Republic,2013,Gross Domestic Product (GDP),1379.89373
Syrian Arab Republic,2012,Gross Domestic Product (GDP),2291.618515
Syrian Arab Republic,2011,Gross Domestic Product (GDP),3191.994378
Syrian Arab Republic,2010,Gross Domestic Product (GDP),2830.428555
Syrian Arab Republic,2009,Gross Domestic Product (GDP),2551.733439
Syrian Arab Republic,2008,Gross Domestic Product (GDP),2543.448342
Syrian Arab Republic,2007,Gross Domestic Product (GDP),2025.921471
Syrian Arab Republic,2006,Gross Domestic Product (GDP),1737.151333
Syrian Arab Republic,2005,Gross Domestic Product (GDP),1546.578307
Syrian Arab Republic,2004,Gross Domestic Product (GDP),1376.825753
Syrian Arab Republic,2003,Gross Domestic Product (GDP),1197.662768
Syrian Arab Republic,2002,Gross Domestic Product (GDP),1274.949642
Syrian Arab Republic,2001,Gross Domestic Product (GDP),1252.989572
Syrian Arab Republic,2000,Gross Domestic Product (GDP),1198.336454
Syrian Arab Republic,1999,Gross Domestic Product (GDP),1111.924847
Syrian Arab Republic,1998,Gross Domestic Product (GDP),1119.797031
Syrian Arab Republic,1997,Gross Domestic Product (GDP),1065.963948
Syrian Arab Republic,1996,Gross Domestic Product (GDP),1026.249852
Syrian Arab Republic,1995,Gross Domestic Product (GDP),943.7728777
Syrian Arab Republic,1994,Gross Domestic Product (GDP),888.1587081
Syrian Arab Republic,1993,Gross Domestic Product (GDP),1146.672811
Syrian Arab Republic,1992,Gross Domestic Product (GDP),1095.456518
Syrian Arab Republic,1991,Gross Domestic Product (GDP),971.320082
Syrian Arab Republic,1990,Gross Domestic Product (GDP),896.5785446
Syrian Arab Republic,1989,Gross Domestic Product (GDP),851.3391826
Syrian Arab Republic,1988,Gross Domestic Product (GDP),1017.723468
Syrian Arab Republic,1987,Gross Domestic Product (GDP),895.2741021
Syrian Arab Republic,1986,Gross Domestic Product (GDP),885.099677
Syrian Arab Republic,1985,Gross Domestic Product (GDP),943.2531321
Syrian Arab Republic,1984,Gross Domestic Product (GDP),1876.845387
Syrian Arab Republic,1983,Gross Domestic Product (GDP),1890.819338
Syrian Arab Republic,1982,Gross Domestic Product (GDP),1839.158627
Syrian Arab Republic,1981,Gross Domestic Product (GDP),1822.778453
Syrian Arab Republic,1980,Gross Domestic Product (GDP),1472.006105
Syrian Arab Republic,1979,Gross Domestic Product (GDP),1168.304901
Syrian Arab Republic,1978,Gross Domestic Product (GDP),1005.658515
Syrian Arab Republic,1977,Gross Domestic Product (GDP),867.3030721
Syrian Arab Republic,1976,Gross Domestic Product (GDP),819.5944274
Syrian Arab Republic,1975,Gross Domestic Product (GDP),704.7126285
Syrian Arab Republic,1974,Gross Domestic Product (GDP),561.5681179
Syrian Arab Republic,1973,Gross Domestic Product (GDP),362.3265113
Syrian Arab Republic,1972,Gross Domestic Product (GDP),350.1435692
Syrian Arab Republic,1971,Gross Domestic Product (GDP),313.8957525
Syrian Arab Republic,1970,Gross Domestic Product (GDP),276.4957247
United Arab Emirates,2018,Gross Domestic Product (GDP),43004.95336
United Arab Emirates,2017,Gross Domestic Product (GDP),39811.6347
United Arab Emirates,2016,Gross Domestic Product (GDP),38141.85652
United Arab Emirates,2015,Gross Domestic Product (GDP),38663.37156
United Arab Emirates,2014,Gross Domestic Product (GDP),43751.85055
United Arab Emirates,2013,Gross Domestic Product (GDP),42412.62727
United Arab Emirates,2012,Gross Domestic Product (GDP),40976.50538
United Arab Emirates,2011,Gross Domestic Product (GDP),39194.67965
United Arab Emirates,2010,Gross Domestic Product (GDP),33893.31689
United Arab Emirates,2009,Gross Domestic Product (GDP),32442.67885
United Arab Emirates,2008,Gross Domestic Product (GDP),45080.46215
United Arab Emirates,2007,Gross Domestic Product (GDP),42355.89416
United Arab Emirates,2006,Gross Domestic Product (GDP),42455.03726
United Arab Emirates,2005,Gross Domestic Product (GDP),39879.84642
United Arab Emirates,2004,Gross Domestic Product (GDP),36808.03236
United Arab Emirates,2003,Gross Domestic Product (GDP),33936.86874
United Arab Emirates,2002,Gross Domestic Product (GDP),31980.00578
United Arab Emirates,2001,Gross Domestic Product (GDP),31689.56981
United Arab Emirates,2000,Gross Domestic Product (GDP),33726.51281
United Arab Emirates,1999,Gross Domestic Product (GDP),28842.87953
United Arab Emirates,1998,Gross Domestic Product (GDP),27251.15242
United Arab Emirates,1997,Gross Domestic Product (GDP),29897.28142
United Arab Emirates,1996,Gross Domestic Product (GDP),29353.672
United Arab Emirates,1995,Gross Domestic Product (GDP),27577.75709
United Arab Emirates,1994,Gross Domestic Product (GDP),26185.72347
United Arab Emirates,1993,Gross Domestic Product (GDP),25931.24506
United Arab Emirates,1992,Gross Domestic Product (GDP),26766.15827
United Arab Emirates,1991,Gross Domestic Product (GDP),26960.05869
United Arab Emirates,1990,Gross Domestic Product (GDP),28091.80624
United Arab Emirates,1989,Gross Domestic Product (GDP),24342.18432
United Arab Emirates,1988,Gross Domestic Product (GDP),22586.46931
United Arab Emirates,1987,Gross Domestic Product (GDP),24036.14367
United Arab Emirates,1986,Gross Domestic Product (GDP),23774.63384
United Arab Emirates,1985,Gross Domestic Product (GDP),30109.30864
United Arab Emirates,1984,Gross Domestic Product (GDP),32732.02577
United Arab Emirates,1983,Gross Domestic Product (GDP),35298.48603
United Arab Emirates,1982,Gross Domestic Product (GDP),40549.2393
United Arab Emirates,1981,Gross Domestic Product (GDP),45575.16251
United Arab Emirates,1980,Gross Domestic Product (GDP),43323.70085
United Arab Emirates,1979,Gross Domestic Product (GDP),33950.80103
United Arab Emirates,1978,Gross Domestic Product (GDP),28828.48397
United Arab Emirates,1977,Gross Domestic Product (GDP),34265.63724
United Arab Emirates,1976,Gross Domestic Product (GDP),30512.02968
United Arab Emirates,1975,Gross Domestic Product (GDP),27198.75692
United Arab Emirates,1974,Gross Domestic Product (GDP),25176.88559
United Arab Emirates,1973,Gross Domestic Product (GDP),10814.55412
United Arab Emirates,1972,Gross Domestic Product (GDP),6651.912145
United Arab Emirates,1971,Gross Domestic Product (GDP),5270.093879
United Arab Emirates,1970,Gross Domestic Product (GDP),4550.972069
United Kingdom of Great Britain and Northern Ireland,2018,Gross Domestic Product (GDP),42526.43904
United Kingdom of Great Britain and Northern Ireland,2017,Gross Domestic Product (GDP),39957.00031
United Kingdom of Great Britain and Northern Ireland,2016,Gross Domestic Product (GDP),40639.01604
United Kingdom of Great Britain and Northern Ireland,2015,Gross Domestic Product (GDP),44466.81612
United Kingdom of Great Britain and Northern Ireland,2014,Gross Domestic Product (GDP),46830.6412
United Kingdom of Great Britain and Northern Ireland,2013,Gross Domestic Product (GDP),42872.43169
United Kingdom of Great Britain and Northern Ireland,2012,Gross Domestic Product (GDP),41919.79232
United Kingdom of Great Britain and Northern Ireland,2011,Gross Domestic Product (GDP),41537.49366
United Kingdom of Great Britain and Northern Ireland,2010,Gross Domestic Product (GDP),39004.91349
United Kingdom of Great Britain and Northern Ireland,2009,Gross Domestic Product (GDP),38371.6466
United Kingdom of Great Britain and Northern Ireland,2008,Gross Domestic Product (GDP),47032.65029
United Kingdom of Great Britain and Northern Ireland,2007,Gross Domestic Product (GDP),50460.49915
United Kingdom of Great Britain and Northern Ireland,2006,Gross Domestic Product (GDP),44619.46469
United Kingdom of Great Britain and Northern Ireland,2005,Gross Domestic Product (GDP),42109.36886
United Kingdom of Great Britain and Northern Ireland,2004,Gross Domestic Product (GDP),40369.28167
United Kingdom of Great Britain and Northern Ireland,2003,Gross Domestic Product (GDP),34470.47673
United Kingdom of Great Britain and Northern Ireland,2002,Gross Domestic Product (GDP),30077.91986
United Kingdom of Great Britain and Northern Ireland,2001,Gross Domestic Product (GDP),27744.138
United Kingdom of Great Britain and Northern Ireland,2000,Gross Domestic Product (GDP),28133.84554
United Kingdom of Great Britain and Northern Ireland,1999,Gross Domestic Product (GDP),28655.23781
United Kingdom of Great Britain and Northern Ireland,1998,Gross Domestic Product (GDP),28202.16195
United Kingdom of Great Britain and Northern Ireland,1997,Gross Domestic Product (GDP),26737.40224
United Kingdom of Great Britain and Northern Ireland,1996,Gross Domestic Product (GDP),24356.64014
United Kingdom of Great Britain and Northern Ireland,1995,Gross Domestic Product (GDP),23158.89923
United Kingdom of Great Britain and Northern Ireland,1994,Gross Domestic Product (GDP),19743.3625
United Kingdom of Great Britain and Northern Ireland,1993,Gross Domestic Product (GDP),18427.35756
United Kingdom of Great Britain and Northern Ireland,1992,Gross Domestic Product (GDP),20536.02087
United Kingdom of Great Britain and Northern Ireland,1991,Gross Domestic Product (GDP),19946.77284
United Kingdom of Great Britain and Northern Ireland,1990,Gross Domestic Product (GDP),19134.07479
United Kingdom of Great Britain and Northern Ireland,1989,Gross Domestic Product (GDP),16269.19843
United Kingdom of Great Britain and Northern Ireland,1988,Gross Domestic Product (GDP),16020.53973
United Kingdom of Great Britain and Northern Ireland,1987,Gross Domestic Product (GDP),13151.30763
United Kingdom of Great Britain and Northern Ireland,1986,Gross Domestic Product (GDP),10640.98319
United Kingdom of Great Britain and Northern Ireland,1985,Gross Domestic Product (GDP),8672.672704
United Kingdom of Great Britain and Northern Ireland,1984,Gross Domestic Product (GDP),8192.068888
United Kingdom of Great Britain and Northern Ireland,1983,Gross Domestic Product (GDP),8699.851123
United Kingdom of Great Britain and Northern Ireland,1982,Gross Domestic Product (GDP),9157.074155
United Kingdom of Great Britain and Northern Ireland,1981,Gross Domestic Product (GDP),9617.817361
United Kingdom of Great Britain and Northern Ireland,1980,Gross Domestic Product (GDP),10050.92704
United Kingdom of Great Britain and Northern Ireland,1979,Gross Domestic Product (GDP),7810.887511
United Kingdom of Great Britain and Northern Ireland,1978,Gross Domestic Product (GDP),5975.885107
United Kingdom of Great Britain and Northern Ireland,1977,Gross Domestic Product (GDP),4680.827029
United Kingdom of Great Britain and Northern Ireland,1976,Gross Domestic Product (GDP),4139.834214
United Kingdom of Great Britain and Northern Ireland,1975,Gross Domestic Product (GDP),4304.979124
United Kingdom of Great Britain and Northern Ireland,1974,Gross Domestic Product (GDP),3675.249919
United Kingdom of Great Britain and Northern Ireland,1973,Gross Domestic Product (GDP),3438.036269
United Kingdom of Great Britain and Northern Ireland,1972,Gross Domestic Product (GDP),3041.00431
United Kingdom of Great Britain and Northern Ireland,1971,Gross Domestic Product (GDP),2656.690664
United Kingdom of Great Britain and Northern Ireland,1970,Gross Domestic Product (GDP),2351.523769
United States,2018,Gross Domestic Product (GDP),62917.93946
United States,2017,Gross Domestic Product (GDP),60044.10739
United States,2016,Gross Domestic Product (GDP),57938.43119
United States,2015,Gross Domestic Product (GDP),56796.54695
United States,2014,Gross Domestic Product (GDP),55000.6916
United States,2013,Gross Domestic Product (GDP),53049.37566
United States,2012,Gross Domestic Product (GDP),51575.61657
United States,2011,Gross Domestic Product (GDP),49882.47039
United States,2010,Gross Domestic Product (GDP),48516.16594
United States,2009,Gross Domestic Product (GDP),47171.31915
United States,2008,Gross Domestic Product (GDP),48479.48313
United States,2007,Gross Domestic Product (GDP),48075.36518
United States,2006,Gross Domestic Product (GDP),46395.27416
United States,2005,Gross Domestic Product (GDP),44192.96193
United States,2004,Gross Domestic Product (GDP),41777.10074
United States,2003,Gross Domestic Product (GDP),39536.33794
United States,2002,Gross Domestic Product (GDP),38068.9361
United States,2001,Gross Domestic Product (GDP),37180.34019
United States,2000,Gross Domestic Product (GDP),36393.14869
United States,1999,Gross Domestic Product (GDP),34574.49996
United States,1998,Gross Domestic Product (GDP),32934.70369
United States,1997,Gross Domestic Product (GDP),31568.3532
United States,1996,Gross Domestic Product (GDP),30085.98174
United States,1995,Gross Domestic Product (GDP),28811.43876
United States,1994,Gross Domestic Product (GDP),27788.29608
United States,1993,Gross Domestic Product (GDP),26426.6279
United States,1992,Gross Domestic Product (GDP),25371.84889
United States,1991,Gross Domestic Product (GDP),24193.22795
United States,1990,Gross Domestic Product (GDP),23651.97799
United States,1989,Gross Domestic Product (GDP),22591.09746
United States,1988,Gross Domestic Product (GDP),21168.25029
United States,1987,Gross Domestic Product (GDP),19812.93508
United States,1986,Gross Domestic Product (GDP),18864.60543
United States,1985,Gross Domestic Product (GDP),18041.50585
United States,1984,Gross Domestic Product (GDP),16946.47227
United States,1983,Gross Domestic Product (GDP),15396.49339
United States,1982,Gross Domestic Product (GDP),14300.58434
United States,1981,Gross Domestic Product (GDP),13845.17604
United States,1980,Gross Domestic Product (GDP),12451.42234
United States,1979,Gross Domestic Product (GDP),11556.88344
United States,1978,Gross Domestic Product (GDP),10441.18867
United States,1977,Gross Domestic Product (GDP),9329.866737
United States,1976,Gross Domestic Product (GDP),8473.663483
United States,1975,Gross Domestic Product (GDP),7690.772224
United States,1974,Gross Domestic Product (GDP),7117.166698
United States,1973,Gross Domestic Product (GDP),6624.147081
United States,1972,Gross Domestic Product (GDP),5997.614233
United States,1971,Gross Domestic Product (GDP),5510.585594
United States,1970,Gross Domestic Product (GDP),5122.838454
