Country or Area,Subgroup,Year,Primary Enrollment Value
United Arab Emirates,Male,1970,0
United Arab Emirates,Male,1971,93.91656
United Arab Emirates,Male,1972,102.64079
United Arab Emirates,Male,1973,100.76024
United Arab Emirates,Male,1974,94.96389
United Arab Emirates,Male,1975,91.88519
United Arab Emirates,Male,1976,99.1653
United Arab Emirates,Male,1977,102.00258
United Arab Emirates,Male,1978,99.36172
United Arab Emirates,Male,1979,94.35532
United Arab Emirates,Male,1980,92.53267
United Arab Emirates,Male,1981,90.4425
United Arab Emirates,Male,1982,94.67406
United Arab Emirates,Male,1983,95.29551
United Arab Emirates,Male,1984,96.00035
United Arab Emirates,Male,1985,95.69688
United Arab Emirates,Male,1986,95.75512
United Arab Emirates,Male,1987,97.79451
United Arab Emirates,Male,1988,101.47641
United Arab Emirates,Male,1989,106.31896
United Arab Emirates,Male,1990,109.98462
United Arab Emirates,Male,1991,109.91398
United Arab Emirates,Male,1992,104.38485
United Arab Emirates,Male,1993,100.81254
United Arab Emirates,Male,1994,101.17438
United Arab Emirates,Male,1995,102.08444
United Arab Emirates,Male,1996,98.71231
United Arab Emirates,Male,1997,94.74472
United Arab Emirates,Male,1998,90.79261
United Arab Emirates,Male,1999,0
United Arab Emirates,Male,2000,0
United Arab Emirates,Male,2001,0
United Arab Emirates,Male,2002,0
United Arab Emirates,Male,2003,0
United Arab Emirates,Male,2004,0
United Arab Emirates,Male,2005,0
United Arab Emirates,Male,2006,0
United Arab Emirates,Male,2007,101.12369
United Arab Emirates,Male,2008,0
United Arab Emirates,Male,2009,0
United Arab Emirates,Male,2010,0
United Arab Emirates,Male,2011,0
United Arab Emirates,Male,2012,99.05749
United Arab Emirates,Male,2013,97.36524
United Arab Emirates,Male,2014,102.14638
United Arab Emirates,Male,2015,111.4482
United Arab Emirates,Male,2016,110.59621
United Arab Emirates,Male,2017,109.43032
United Arab Emirates,Male,2018,0
Belgium,Male,1970,0
Belgium,Male,1971,109.01056
Belgium,Male,1972,107.83959
Belgium,Male,1973,100.74033
Belgium,Male,1974,103.64514
Belgium,Male,1975,104.04535
Belgium,Male,1976,104.85562
Belgium,Male,1977,105.29582
Belgium,Male,1978,105.13108
Belgium,Male,1979,104.10623
Belgium,Male,1980,104.26874
Belgium,Male,1981,103.66424
Belgium,Male,1982,102.95121
Belgium,Male,1983,99.42584
Belgium,Male,1984,98.43192
Belgium,Male,1985,97.76149
Belgium,Male,1986,98.31717
Belgium,Male,1987,99.20808
Belgium,Male,1988,100.34394
Belgium,Male,1989,100.68074
Belgium,Male,1990,100.17272
Belgium,Male,1991,99.14735
Belgium,Male,1992,97.96965
Belgium,Male,1993,102.60664
Belgium,Male,1994,102.08865
Belgium,Male,1995,102.10333
Belgium,Male,1996,102.29454
Belgium,Male,1997,0
Belgium,Male,1998,0
Belgium,Male,1999,104.22233
Belgium,Male,2000,105.11682
Belgium,Male,2001,104.39378
Belgium,Male,2002,103.51315
Belgium,Male,2003,102.79345
Belgium,Male,2004,100.97505
Belgium,Male,2005,100.68205
Belgium,Male,2006,101.01987
Belgium,Male,2007,101.68722
Belgium,Male,2008,102.27424
Belgium,Male,2009,102.29118
Belgium,Male,2010,102.04114
Belgium,Male,2011,102.04789
Belgium,Male,2012,102.46356
Belgium,Male,2013,103.75601
Belgium,Male,2014,103.66256
Belgium,Male,2015,103.24168
Belgium,Male,2016,103.37549
Belgium,Male,2017,103.85522
Belgium,Male,2018,0
Bangladesh,Male,1970,75.01241
Bangladesh,Male,1971,69.5763
Bangladesh,Male,1972,82.69713
Bangladesh,Male,1973,98.29336
Bangladesh,Male,1974,98.41187
Bangladesh,Male,1975,103.40944
Bangladesh,Male,1976,104.79487
Bangladesh,Male,1977,93.54437
Bangladesh,Male,1978,91.76194
Bangladesh,Male,1979,90.37881
Bangladesh,Male,1980,88.9099
Bangladesh,Male,1981,82.78151
Bangladesh,Male,1982,83.63597
Bangladesh,Male,1983,90.61421
Bangladesh,Male,1984,84.36321
Bangladesh,Male,1985,82.32944
Bangladesh,Male,1986,81.90802
Bangladesh,Male,1987,80.58701
Bangladesh,Male,1988,88.91376
Bangladesh,Male,1989,88.5853
Bangladesh,Male,1990,90.71054
Bangladesh,Male,1991,0
Bangladesh,Male,1992,0
Bangladesh,Male,1993,0
Bangladesh,Male,1994,0
Bangladesh,Male,1995,0
Bangladesh,Male,1996,0
Bangladesh,Male,1997,0
Bangladesh,Male,1998,0
Bangladesh,Male,1999,0
Bangladesh,Male,2000,0
Bangladesh,Male,2001,0
Bangladesh,Male,2002,0
Bangladesh,Male,2003,0
Bangladesh,Male,2004,0
Bangladesh,Male,2005,99.43055
Bangladesh,Male,2006,99.68595
Bangladesh,Male,2007,98.14192
Bangladesh,Male,2008,96.61229
Bangladesh,Male,2009,100.56885
Bangladesh,Male,2010,102.82547
Bangladesh,Male,2011,0
Bangladesh,Male,2012,0
Bangladesh,Male,2013,0
Bangladesh,Male,2014,0
Bangladesh,Male,2015,0
Bangladesh,Male,2016,0
Bangladesh,Male,2017,111.08681
Bangladesh,Male,2018,112.35745
Bolivia,Male,1970,103.9264
Bolivia,Male,1971,99.4352
Bolivia,Male,1972,0
Bolivia,Male,1973,101.83837
Bolivia,Male,1974,103.34
Bolivia,Male,1975,107.76793
Bolivia,Male,1976,109.43229
Bolivia,Male,1977,105.21031
Bolivia,Male,1978,105.26135
Bolivia,Male,1979,106.79364
Bolivia,Male,1980,104.22809
Bolivia,Male,1981,107.45113
Bolivia,Male,1982,0
Bolivia,Male,1983,108.37809
Bolivia,Male,1984,112.87334
Bolivia,Male,1985,0
Bolivia,Male,1986,111.15253
Bolivia,Male,1987,118.2346
Bolivia,Male,1988,0
Bolivia,Male,1989,106.51043
Bolivia,Male,1990,108.79159
Bolivia,Male,1991,110.35152
Bolivia,Male,1992,110.27417
Bolivia,Male,1993,110.36615
Bolivia,Male,1994,112.1914
Bolivia,Male,1995,114.61884
Bolivia,Male,1996,115.68168
Bolivia,Male,1997,116.80653
Bolivia,Male,1998,117.46653
Bolivia,Male,1999,119.15212
Bolivia,Male,2000,119.04975
Bolivia,Male,2001,117.92384
Bolivia,Male,2002,118.38586
Bolivia,Male,2003,116.20999
Bolivia,Male,2004,115.41124
Bolivia,Male,2005,114.74427
Bolivia,Male,2006,113.21954
Bolivia,Male,2007,112.40294
Bolivia,Male,2008,111.26639
Bolivia,Male,2009,107.71178
Bolivia,Male,2010,104.81144
Bolivia,Male,2011,101.07133
Bolivia,Male,2012,98.93805
Bolivia,Male,2013,98.03699
Bolivia,Male,2014,96.99894
Bolivia,Male,2015,96.87174
Bolivia,Male,2016,97.32766
Bolivia,Male,2017,98.15357
Bolivia,Male,2018,98.63172
Brazil,Male,1970,0
Brazil,Male,1971,0
Brazil,Male,1972,0
Brazil,Male,1973,0
Brazil,Male,1974,0
Brazil,Male,1975,0
Brazil,Male,1976,0
Brazil,Male,1977,0
Brazil,Male,1978,0
Brazil,Male,1979,0
Brazil,Male,1980,0
Brazil,Male,1981,0
Brazil,Male,1982,0
Brazil,Male,1983,0
Brazil,Male,1984,0
Brazil,Male,1985,0
Brazil,Male,1986,0
Brazil,Male,1987,0
Brazil,Male,1988,0
Brazil,Male,1989,0
Brazil,Male,1990,0
Brazil,Male,1991,0
Brazil,Male,1992,0
Brazil,Male,1993,0
Brazil,Male,1994,0
Brazil,Male,1995,0
Brazil,Male,1996,0
Brazil,Male,1997,0
Brazil,Male,1998,0
Brazil,Male,1999,168.11698
Brazil,Male,2000,0
Brazil,Male,2001,155.56178
Brazil,Male,2002,152.00936
Brazil,Male,2003,144.47924
Brazil,Male,2004,136.88785
Brazil,Male,2005,137.21523
Brazil,Male,2006,0
Brazil,Male,2007,131.2836
Brazil,Male,2008,136.59953
Brazil,Male,2009,133.94613
Brazil,Male,2010,0
Brazil,Male,2011,137.27679
Brazil,Male,2012,137.73423
Brazil,Male,2013,116.25508
Brazil,Male,2014,116.70946
Brazil,Male,2015,115.05741
Brazil,Male,2016,115.36409
Brazil,Male,2017,117.3906
Brazil,Male,2018,0
Switzerland,Male,1970,0
Switzerland,Male,1971,0
Switzerland,Male,1972,0
Switzerland,Male,1973,93.29024
Switzerland,Male,1974,92.74716
Switzerland,Male,1975,91.90988
Switzerland,Male,1976,91.125
Switzerland,Male,1977,82.70722
Switzerland,Male,1978,83.73495
Switzerland,Male,1979,82.81324
Switzerland,Male,1980,82.24638
Switzerland,Male,1981,82.11441
Switzerland,Male,1982,82.13249
Switzerland,Male,1983,81.39488
Switzerland,Male,1984,80.82891
Switzerland,Male,1985,80.73834
Switzerland,Male,1986,81.16528
Switzerland,Male,1987,82.19493
Switzerland,Male,1988,84.13127
Switzerland,Male,1989,86.73904
Switzerland,Male,1990,89.21047
Switzerland,Male,1991,90.53945
Switzerland,Male,1992,90.62135
Switzerland,Male,1993,95.8723
Switzerland,Male,1994,94.65992
Switzerland,Male,1995,96.18731
Switzerland,Male,1996,98.17644
Switzerland,Male,1997,0
Switzerland,Male,1998,105.62186
Switzerland,Male,1999,106.14734
Switzerland,Male,2000,106.77788
Switzerland,Male,2001,105.55587
Switzerland,Male,2002,104.54028
Switzerland,Male,2003,103.92003
Switzerland,Male,2004,103.47863
Switzerland,Male,2005,102.45818
Switzerland,Male,2006,102.19448
Switzerland,Male,2007,102.32881
Switzerland,Male,2008,102.7937
Switzerland,Male,2009,103.06809
Switzerland,Male,2010,103.07835
Switzerland,Male,2011,103.36028
Switzerland,Male,2012,103.274
Switzerland,Male,2013,103.69662
Switzerland,Male,2014,103.44964
Switzerland,Male,2015,104.32746
Switzerland,Male,2016,104.98087
Switzerland,Male,2017,105.53818
Switzerland,Male,2018,0
China,Male,1970,0
China,Male,1971,0
China,Male,1972,0
China,Male,1973,0
China,Male,1974,137.51296
China,Male,1975,133.4168
China,Male,1976,130.15871
China,Male,1977,124.35269
China,Male,1978,118.35415
China,Male,1979,117.78225
China,Male,1980,118.28391
China,Male,1981,120.24503
China,Male,1982,120.81153
China,Male,1983,121.29536
China,Male,1984,121.90348
China,Male,1985,127.27997
China,Male,1986,130.24447
China,Male,1987,134.38029
China,Male,1988,135.92007
China,Male,1989,135.73279
China,Male,1990,134.05745
China,Male,1991,129.96523
China,Male,1992,126.49148
China,Male,1993,122.71495
China,Male,1994,118.60001
China,Male,1995,114.7107
China,Male,1996,110.34993
China,Male,1997,107.21956
China,Male,1998,107.07442
China,Male,1999,0
China,Male,2000,0
China,Male,2001,112.80651
China,Male,2002,0
China,Male,2003,0
China,Male,2004,0
China,Male,2005,0
China,Male,2006,101.37534
China,Male,2007,101.26806
China,Male,2008,101.47706
China,Male,2009,100.78334
China,Male,2010,99.77054
China,Male,2011,99.75012
China,Male,2012,100.30844
China,Male,2013,99.67513
China,Male,2014,95.7645
China,Male,2015,96.20934
China,Male,2016,97.7319
China,Male,2017,98.97126
China,Male,2018,99.69995
Colombia,Male,1970,100.8986
Colombia,Male,1971,103.15273
Colombia,Male,1972,103.50891
Colombia,Male,1973,106.10777
Colombia,Male,1974,106.2333
Colombia,Male,1975,109.31661
Colombia,Male,1976,112.99126
Colombia,Male,1977,116.44874
Colombia,Male,1978,120.11222
Colombia,Male,1979,123.18487
Colombia,Male,1980,119.45664
Colombia,Male,1981,120.91154
Colombia,Male,1982,112.13364
Colombia,Male,1983,111.7529
Colombia,Male,1984,110.39952
Colombia,Male,1985,107.61933
Colombia,Male,1986,104.47271
Colombia,Male,1987,106.49905
Colombia,Male,1988,106.29587
Colombia,Male,1989,106.45578
Colombia,Male,1990,100.28307
Colombia,Male,1991,107.10494
Colombia,Male,1992,109.37073
Colombia,Male,1993,111.99954
Colombia,Male,1994,113.94367
Colombia,Male,1995,114.29936
Colombia,Male,1996,118.6853
Colombia,Male,1997,0
Colombia,Male,1998,122.33525
Colombia,Male,1999,119.5007
Colombia,Male,2000,119.45648
Colombia,Male,2001,116.70498
Colombia,Male,2002,117.6199
Colombia,Male,2003,0
Colombia,Male,2004,120.2346
Colombia,Male,2005,122.59949
Colombia,Male,2006,123.2248
Colombia,Male,2007,123.57256
Colombia,Male,2008,123.90465
Colombia,Male,2009,124.75361
Colombia,Male,2010,121.31
Colombia,Male,2011,119.5957
Colombia,Male,2012,116.79493
Colombia,Male,2013,117.72556
Colombia,Male,2014,116.35377
Colombia,Male,2015,116.97879
Colombia,Male,2016,117.80097
Colombia,Male,2017,116.77469
Colombia,Male,2018,116.21716
Germany,Male,1970,0
Germany,Male,1971,0
Germany,Male,1972,0
Germany,Male,1973,0
Germany,Male,1974,0
Germany,Male,1975,0
Germany,Male,1976,0
Germany,Male,1977,0
Germany,Male,1978,0
Germany,Male,1979,0
Germany,Male,1980,0
Germany,Male,1981,0
Germany,Male,1982,0
Germany,Male,1983,0
Germany,Male,1984,0
Germany,Male,1985,0
Germany,Male,1986,0
Germany,Male,1987,0
Germany,Male,1988,0
Germany,Male,1989,0
Germany,Male,1990,0
Germany,Male,1991,0
Germany,Male,1992,98.70393
Germany,Male,1993,101.22357
Germany,Male,1994,100.83543
Germany,Male,1995,101.80275
Germany,Male,1996,103.10603
Germany,Male,1997,104.62938
Germany,Male,1998,106.11961
Germany,Male,1999,105.86061
Germany,Male,2000,105.85176
Germany,Male,2001,104.84972
Germany,Male,2002,103.02604
Germany,Male,2003,102.46592
Germany,Male,2004,103.20719
Germany,Male,2005,103.30777
Germany,Male,2006,104.44435
Germany,Male,2007,105.05855
Germany,Male,2008,104.3824
Germany,Male,2009,103.7097
Germany,Male,2010,103.28221
Germany,Male,2011,102.80138
Germany,Male,2012,101.74443
Germany,Male,2013,101.10455
Germany,Male,2014,100.70843
Germany,Male,2015,101.73029
Germany,Male,2016,102.66439
Germany,Male,2017,103.89301
Germany,Male,2018,0
Denmark,Male,1970,0
Denmark,Male,1971,94.92439
Denmark,Male,1972,95.53586
Denmark,Male,1973,98.09293
Denmark,Male,1974,100.89668
Denmark,Male,1975,101.38638
Denmark,Male,1976,104.57301
Denmark,Male,1977,99.39904
Denmark,Male,1978,98.02148
Denmark,Male,1979,95.82648
Denmark,Male,1980,97.1975
Denmark,Male,1981,95.36119
Denmark,Male,1982,96.19605
Denmark,Male,1983,97.85117
Denmark,Male,1984,99.00059
Denmark,Male,1985,98.53924
Denmark,Male,1986,98.73537
Denmark,Male,1987,98.7379
Denmark,Male,1988,98.80832
Denmark,Male,1989,97.65609
Denmark,Male,1990,97.53591
Denmark,Male,1991,98.1948
Denmark,Male,1992,97.5219
Denmark,Male,1993,98.69118
Denmark,Male,1994,100.43229
Denmark,Male,1995,100.23697
Denmark,Male,1996,100.83175
Denmark,Male,1997,0
Denmark,Male,1998,101.43171
Denmark,Male,1999,101.16454
Denmark,Male,2000,101.2867
Denmark,Male,2001,101.20901
Denmark,Male,2002,103.18656
Denmark,Male,2003,0
Denmark,Male,2004,100.79685
Denmark,Male,2005,98.78532
Denmark,Male,2006,99.27758
Denmark,Male,2007,99.9803
Denmark,Male,2008,99.34247
Denmark,Male,2009,99.38751
Denmark,Male,2010,99.48323
Denmark,Male,2011,101.07254
Denmark,Male,2012,101.79869
Denmark,Male,2013,102.06062
Denmark,Male,2014,101.86188
Denmark,Male,2015,102.11914
Denmark,Male,2016,102.38797
Denmark,Male,2017,101.585
Denmark,Male,2018,0
United Kingdom,Male,1970,0
United Kingdom,Male,1971,104.06214
United Kingdom,Male,1972,103.49131
United Kingdom,Male,1973,102.71217
United Kingdom,Male,1974,102.71214
United Kingdom,Male,1975,102.77642
United Kingdom,Male,1976,103.11217
United Kingdom,Male,1977,103.53835
United Kingdom,Male,1978,103.66786
United Kingdom,Male,1979,103.89948
United Kingdom,Male,1980,104.07078
United Kingdom,Male,1981,103.70592
United Kingdom,Male,1982,102.8244
United Kingdom,Male,1983,101.67777
United Kingdom,Male,1984,102.54315
United Kingdom,Male,1985,102.56136
United Kingdom,Male,1986,104.87652
United Kingdom,Male,1987,106.53726
United Kingdom,Male,1988,107.5679
United Kingdom,Male,1989,107.16454
United Kingdom,Male,1990,106.60678
United Kingdom,Male,1991,105.13364
United Kingdom,Male,1992,104.09359
United Kingdom,Male,1993,0
United Kingdom,Male,1994,0
United Kingdom,Male,1995,0
United Kingdom,Male,1996,0
United Kingdom,Male,1997,0
United Kingdom,Male,1998,100.85154
United Kingdom,Male,1999,100.63291
United Kingdom,Male,2000,100.32197
United Kingdom,Male,2001,100.16923
United Kingdom,Male,2002,99.75398
United Kingdom,Male,2003,99.90641
United Kingdom,Male,2004,105.8996
United Kingdom,Male,2005,106.43732
United Kingdom,Male,2006,104.82628
United Kingdom,Male,2007,103.03893
United Kingdom,Male,2008,105.23613
United Kingdom,Male,2009,104.41077
United Kingdom,Male,2010,104.8321
United Kingdom,Male,2011,104.49182
United Kingdom,Male,2012,106.26959
United Kingdom,Male,2013,107.23622
United Kingdom,Male,2014,102.35407
United Kingdom,Male,2015,101.99082
United Kingdom,Male,2016,101.42037
United Kingdom,Male,2017,101.29649
United Kingdom,Male,2018,0
Ghana,Male,1970,0
Ghana,Male,1971,69.51053
Ghana,Male,1972,68.00863
Ghana,Male,1973,69.17807
Ghana,Male,1974,67.04571
Ghana,Male,1975,68.29362
Ghana,Male,1976,73.94066
Ghana,Male,1977,75.43425
Ghana,Male,1978,75.81698
Ghana,Male,1979,76.70788
Ghana,Male,1980,77.76124
Ghana,Male,1981,79.90271
Ghana,Male,1982,82.13058
Ghana,Male,1983,80.5627
Ghana,Male,1984,77.6697
Ghana,Male,1985,80.5172
Ghana,Male,1986,0
Ghana,Male,1987,78.78347
Ghana,Male,1988,76.18229
Ghana,Male,1989,79.84117
Ghana,Male,1990,77.33773
Ghana,Male,1991,85.55629
Ghana,Male,1992,85.31716
Ghana,Male,1993,83.84443
Ghana,Male,1994,84.72265
Ghana,Male,1995,82.51341
Ghana,Male,1996,0
Ghana,Male,1997,0
Ghana,Male,1998,0
Ghana,Male,1999,81.40447
Ghana,Male,2000,85.75621
Ghana,Male,2001,80.21651
Ghana,Male,2002,83.39311
Ghana,Male,2003,79.71116
Ghana,Male,2004,83.18189
Ghana,Male,2005,88.2945
Ghana,Male,2006,91.50238
Ghana,Male,2007,96.39674
Ghana,Male,2008,101.84085
Ghana,Male,2009,101.08881
Ghana,Male,2010,0
Ghana,Male,2011,103.44462
Ghana,Male,2012,106.78825
Ghana,Male,2013,106.13864
Ghana,Male,2014,104.61776
Ghana,Male,2015,108.35676
Ghana,Male,2016,106.08688
Ghana,Male,2017,104.99049
Ghana,Male,2018,102.95552
Greece,Male,1970,0
Greece,Male,1971,102.07469
Greece,Male,1972,102.65765
Greece,Male,1973,103.25139
Greece,Male,1974,104.14909
Greece,Male,1975,103.54115
Greece,Male,1976,102.7377
Greece,Male,1977,101.67974
Greece,Male,1978,100.45032
Greece,Male,1979,99.56219
Greece,Male,1980,97.99875
Greece,Male,1981,99.20384
Greece,Male,1982,99.34374
Greece,Male,1983,99.58679
Greece,Male,1984,99.38939
Greece,Male,1985,98.98793
Greece,Male,1986,97.84281
Greece,Male,1987,95.04387
Greece,Male,1988,95.63156
Greece,Male,1989,95.12101
Greece,Male,1990,94.82124
Greece,Male,1991,94.39816
Greece,Male,1992,92.36623
Greece,Male,1993,90.2866
Greece,Male,1994,90.15093
Greece,Male,1995,91.58927
Greece,Male,1996,92.01552
Greece,Male,1997,92.40058
Greece,Male,1998,94.97099
Greece,Male,1999,96.65002
Greece,Male,2000,97.61089
Greece,Male,2001,96.37108
Greece,Male,2002,97.8588
Greece,Male,2003,98.61249
Greece,Male,2004,99.85388
Greece,Male,2005,98.87174
Greece,Male,2006,98.77573
Greece,Male,2007,97.70858
Greece,Male,2008,0
Greece,Male,2009,0
Greece,Male,2010,99.63336
Greece,Male,2011,99.27747
Greece,Male,2012,100.12491
Greece,Male,2013,99.76923
Greece,Male,2014,98.44274
Greece,Male,2015,99.96263
Greece,Male,2016,99.4824
Greece,Male,2017,99.53925
Greece,Male,2018,0
India,Male,1970,0
India,Male,1971,94.82848
India,Male,1972,95.59606
India,Male,1973,98.88109
India,Male,1974,98.1295
India,Male,1975,99.06169
India,Male,1976,98.59437
India,Male,1977,101.58429
India,Male,1978,97.69724
India,Male,1979,96.72078
India,Male,1980,98.13615
India,Male,1981,99.59224
India,Male,1982,100.357
India,Male,1983,102.12351
India,Male,1984,103.74137
India,Male,1985,102.54234
India,Male,1986,103.68704
India,Male,1987,100.3617
India,Male,1988,101.44487
India,Male,1989,105.60787
India,Male,1990,104.00757
India,Male,1991,102.26427
India,Male,1992,101.90779
India,Male,1993,102.05487
India,Male,1994,102.76597
India,Male,1995,102.37105
India,Male,1996,101.69656
India,Male,1997,100.86754
India,Male,1998,98.85732
India,Male,1999,99.47441
India,Male,2000,101.02366
India,Male,2001,100.35762
India,Male,2002,100.1624
India,Male,2003,103.35813
India,Male,2004,0
India,Male,2005,0
India,Male,2006,0
India,Male,2007,110.38395
India,Male,2008,109.66917
India,Male,2009,107.81465
India,Male,2010,107.68275
India,Male,2011,106.55448
India,Male,2012,107.78947
India,Male,2013,104.74869
India,Male,2014,102.35689
India,Male,2015,102.8335
India,Male,2016,106.4179
India,Male,2017,105.58101
India,Male,2018,0
"Iran, Islamic Rep.",Male,1970,0
"Iran, Islamic Rep.",Male,1971,89.95982
"Iran, Islamic Rep.",Male,1972,98.14925
"Iran, Islamic Rep.",Male,1973,101.92626
"Iran, Islamic Rep.",Male,1974,105.49808
"Iran, Islamic Rep.",Male,1975,114.70603
"Iran, Islamic Rep.",Male,1976,119.64554
"Iran, Islamic Rep.",Male,1977,123.15269
"Iran, Islamic Rep.",Male,1978,125.21048
"Iran, Islamic Rep.",Male,1979,0
"Iran, Islamic Rep.",Male,1980,0
"Iran, Islamic Rep.",Male,1981,0
"Iran, Islamic Rep.",Male,1982,113.98372
"Iran, Islamic Rep.",Male,1983,113.69682
"Iran, Islamic Rep.",Male,1984,113.49814
"Iran, Islamic Rep.",Male,1985,112.27795
"Iran, Islamic Rep.",Male,1986,112.2975
"Iran, Islamic Rep.",Male,1987,112.15867
"Iran, Islamic Rep.",Male,1988,111.96576
"Iran, Islamic Rep.",Male,1989,111.29968
"Iran, Islamic Rep.",Male,1990,111.76706
"Iran, Islamic Rep.",Male,1991,113.26699
"Iran, Islamic Rep.",Male,1992,114.1729
"Iran, Islamic Rep.",Male,1993,112.82452
"Iran, Islamic Rep.",Male,1994,110.10672
"Iran, Islamic Rep.",Male,1995,108.35191
"Iran, Islamic Rep.",Male,1996,107.28371
"Iran, Islamic Rep.",Male,1997,104.12736
"Iran, Islamic Rep.",Male,1998,104.59869
"Iran, Islamic Rep.",Male,1999,103.50262
"Iran, Islamic Rep.",Male,2000,104.10104
"Iran, Islamic Rep.",Male,2001,106.27687
"Iran, Islamic Rep.",Male,2002,106.01011
"Iran, Islamic Rep.",Male,2003,104.60809
"Iran, Islamic Rep.",Male,2004,103.8393
"Iran, Islamic Rep.",Male,2005,100.87346
"Iran, Islamic Rep.",Male,2006,101.40602
"Iran, Islamic Rep.",Male,2007,101.72639
"Iran, Islamic Rep.",Male,2008,102.3123
"Iran, Islamic Rep.",Male,2009,103.04268
"Iran, Islamic Rep.",Male,2010,101.6997
"Iran, Islamic Rep.",Male,2011,101.77851
"Iran, Islamic Rep.",Male,2012,102.47323
"Iran, Islamic Rep.",Male,2013,114.25967
"Iran, Islamic Rep.",Male,2014,104.96897
"Iran, Islamic Rep.",Male,2015,105.68715
"Iran, Islamic Rep.",Male,2016,107.59598
"Iran, Islamic Rep.",Male,2017,107.69073
"Iran, Islamic Rep.",Male,2018,0
Iraq,Male,1970,0
Iraq,Male,1971,98.48988
Iraq,Male,1972,101.78859
Iraq,Male,1973,103.42995
Iraq,Male,1974,104.57297
Iraq,Male,1975,103.15476
Iraq,Male,1976,112.0776
Iraq,Male,1977,112.70437
Iraq,Male,1978,109.96661
Iraq,Male,1979,116.01277
Iraq,Male,1980,115.91868
Iraq,Male,1981,111.43646
Iraq,Male,1982,108.53923
Iraq,Male,1983,106.38702
Iraq,Male,1984,108.31864
Iraq,Male,1985,109.48063
Iraq,Male,1986,109.58364
Iraq,Male,1987,111.31059
Iraq,Male,1988,110.81375
Iraq,Male,1989,111.60915
Iraq,Male,1990,0
Iraq,Male,1991,117.74229
Iraq,Male,1992,97.63894
Iraq,Male,1993,97.1632
Iraq,Male,1994,0
Iraq,Male,1995,0
Iraq,Male,1996,91.4636
Iraq,Male,1997,0
Iraq,Male,1998,0
Iraq,Male,1999,107.18274
Iraq,Male,2000,105.7228
Iraq,Male,2001,0
Iraq,Male,2002,0
Iraq,Male,2003,114.332
Iraq,Male,2004,112.98499
Iraq,Male,2005,0
Iraq,Male,2006,0
Iraq,Male,2007,117.75579
Iraq,Male,2008,0
Iraq,Male,2009,0
Iraq,Male,2010,0
Iraq,Male,2011,0
Iraq,Male,2012,0
Iraq,Male,2013,0
Iraq,Male,2014,0
Iraq,Male,2015,0
Iraq,Male,2016,0
Iraq,Male,2017,0
Iraq,Male,2018,0
Iceland,Male,1970,0
Iceland,Male,1971,98.27232
Iceland,Male,1972,99.02266
Iceland,Male,1973,98.91892
Iceland,Male,1974,98.84488
Iceland,Male,1975,99.62204
Iceland,Male,1976,99.88167
Iceland,Male,1977,99.63038
Iceland,Male,1978,0
Iceland,Male,1979,0
Iceland,Male,1980,0
Iceland,Male,1981,0
Iceland,Male,1982,0
Iceland,Male,1983,99.36596
Iceland,Male,1984,100.2006
Iceland,Male,1985,0
Iceland,Male,1986,97.63822
Iceland,Male,1987,97.87714
Iceland,Male,1988,99.96101
Iceland,Male,1989,100.91278
Iceland,Male,1990,0
Iceland,Male,1991,0
Iceland,Male,1992,0
Iceland,Male,1993,99.00573
Iceland,Male,1994,97.39987
Iceland,Male,1995,97.98886
Iceland,Male,1996,97.6343
Iceland,Male,1997,98.18753
Iceland,Male,1998,99.91501
Iceland,Male,1999,102.3218
Iceland,Male,2000,104.1275
Iceland,Male,2001,103.72765
Iceland,Male,2002,100.32856
Iceland,Male,2003,99.29633
Iceland,Male,2004,97.7699
Iceland,Male,2005,98.0117
Iceland,Male,2006,97.71775
Iceland,Male,2007,97.82456
Iceland,Male,2008,98.90994
Iceland,Male,2009,99.65884
Iceland,Male,2010,98.99003
Iceland,Male,2011,98.64409
Iceland,Male,2012,98.01765
Iceland,Male,2013,98.43862
Iceland,Male,2014,98.65022
Iceland,Male,2015,98.67192
Iceland,Male,2016,99.58274
Iceland,Male,2017,100.35396
Iceland,Male,2018,0
Japan,Male,1970,0
Japan,Male,1971,0
Japan,Male,1972,0
Japan,Male,1973,0
Japan,Male,1974,0
Japan,Male,1975,0
Japan,Male,1976,0
Japan,Male,1977,0
Japan,Male,1978,0
Japan,Male,1979,0
Japan,Male,1980,0
Japan,Male,1981,0
Japan,Male,1982,0
Japan,Male,1983,0
Japan,Male,1984,0
Japan,Male,1985,0
Japan,Male,1986,0
Japan,Male,1987,0
Japan,Male,1988,0
Japan,Male,1989,0
Japan,Male,1990,0
Japan,Male,1991,0
Japan,Male,1992,0
Japan,Male,1993,0
Japan,Male,1994,0
Japan,Male,1995,0
Japan,Male,1996,0
Japan,Male,1997,0
Japan,Male,1998,0
Japan,Male,1999,0
Japan,Male,2000,0
Japan,Male,2001,0
Japan,Male,2002,0
Japan,Male,2003,0
Japan,Male,2004,0
Japan,Male,2005,0
Japan,Male,2006,0
Japan,Male,2007,0
Japan,Male,2008,0
Japan,Male,2009,0
Japan,Male,2010,0
Japan,Male,2011,0
Japan,Male,2012,0
Japan,Male,2013,0
Japan,Male,2014,0
Japan,Male,2015,0
Japan,Male,2016,0
Japan,Male,2017,0
Japan,Male,2018,0
Lebanon,Male,1970,0
Lebanon,Male,1971,145.81152
Lebanon,Male,1972,0
Lebanon,Male,1973,0
Lebanon,Male,1974,138.61631
Lebanon,Male,1975,0
Lebanon,Male,1976,0
Lebanon,Male,1977,0
Lebanon,Male,1978,0
Lebanon,Male,1979,0
Lebanon,Male,1980,0
Lebanon,Male,1981,0
Lebanon,Male,1982,123.27615
Lebanon,Male,1983,118.17864
Lebanon,Male,1984,0
Lebanon,Male,1985,99.37543
Lebanon,Male,1986,0
Lebanon,Male,1987,0
Lebanon,Male,1988,0
Lebanon,Male,1989,0
Lebanon,Male,1990,0
Lebanon,Male,1991,0
Lebanon,Male,1992,0
Lebanon,Male,1993,0
Lebanon,Male,1994,0
Lebanon,Male,1995,0
Lebanon,Male,1996,0
Lebanon,Male,1997,0
Lebanon,Male,1998,0
Lebanon,Male,1999,0
Lebanon,Male,2000,0
Lebanon,Male,2001,0
Lebanon,Male,2002,0
Lebanon,Male,2003,0
Lebanon,Male,2004,0
Lebanon,Male,2005,0
Lebanon,Male,2006,0
Lebanon,Male,2007,0
Lebanon,Male,2008,0
Lebanon,Male,2009,0
Lebanon,Male,2010,0
Lebanon,Male,2011,0
Lebanon,Male,2012,0
Lebanon,Male,2013,0
Lebanon,Male,2014,0
Lebanon,Male,2015,0
Lebanon,Male,2016,0
Lebanon,Male,2017,0
Lebanon,Male,2018,0
Libya,Male,1970,0
Libya,Male,1971,126.24381
Libya,Male,1972,133.46603
Libya,Male,1973,133.97258
Libya,Male,1974,129.76452
Libya,Male,1975,127.87327
Libya,Male,1976,126.5861
Libya,Male,1977,121.16711
Libya,Male,1978,115.01364
Libya,Male,1979,120.26071
Libya,Male,1980,117.61517
Libya,Male,1981,115.24777
Libya,Male,1982,0
Libya,Male,1983,116.90793
Libya,Male,1984,0
Libya,Male,1985,0
Libya,Male,1986,111.98414
Libya,Male,1987,0
Libya,Male,1988,0
Libya,Male,1989,0
Libya,Male,1990,0
Libya,Male,1991,0
Libya,Male,1992,0
Libya,Male,1993,0
Libya,Male,1994,0
Libya,Male,1995,0
Libya,Male,1996,0
Libya,Male,1997,0
Libya,Male,1998,0
Libya,Male,1999,108.45832
Libya,Male,2000,0
Libya,Male,2001,102.73537
Libya,Male,2002,103.19533
Libya,Male,2003,104.81064
Libya,Male,2004,106.96891
Libya,Male,2005,102.69798
Libya,Male,2006,111.30974
Libya,Male,2007,0
Libya,Male,2008,0
Libya,Male,2009,0
Libya,Male,2010,0
Libya,Male,2011,0
Libya,Male,2012,0
Libya,Male,2013,0
Libya,Male,2014,0
Libya,Male,2015,0
Libya,Male,2016,0
Libya,Male,2017,0
Libya,Male,2018,0
Sri Lanka,Male,1970,106.03214
Sri Lanka,Male,1971,103.31967
Sri Lanka,Male,1972,0
Sri Lanka,Male,1973,0
Sri Lanka,Male,1974,0
Sri Lanka,Male,1975,86.02126
Sri Lanka,Male,1976,85.1485
Sri Lanka,Male,1977,90.18084
Sri Lanka,Male,1978,114.44251
Sri Lanka,Male,1979,0
Sri Lanka,Male,1980,122.04292
Sri Lanka,Male,1981,124.75023
Sri Lanka,Male,1982,124.37944
Sri Lanka,Male,1983,123.57404
Sri Lanka,Male,1984,123.1583
Sri Lanka,Male,1985,123.89061
Sri Lanka,Male,1986,125.35289
Sri Lanka,Male,1987,109.54565
Sri Lanka,Male,1988,110.88215
Sri Lanka,Male,1989,111.81723
Sri Lanka,Male,1990,111.69
Sri Lanka,Male,1991,111.74703
Sri Lanka,Male,1992,109.66911
Sri Lanka,Male,1993,108.60755
Sri Lanka,Male,1994,108.20701
Sri Lanka,Male,1995,111.04719
Sri Lanka,Male,1996,106.33787
Sri Lanka,Male,1997,0
Sri Lanka,Male,1998,108.11546
Sri Lanka,Male,1999,0
Sri Lanka,Male,2000,0
Sri Lanka,Male,2001,108.63108
Sri Lanka,Male,2002,106.66938
Sri Lanka,Male,2003,103.06099
Sri Lanka,Male,2004,94.57353
Sri Lanka,Male,2005,99.83376
Sri Lanka,Male,2006,99.34748
Sri Lanka,Male,2007,98.86997
Sri Lanka,Male,2008,97.93264
Sri Lanka,Male,2009,95.75162
Sri Lanka,Male,2010,100.74422
Sri Lanka,Male,2011,101.51485
Sri Lanka,Male,2012,101.13022
Sri Lanka,Male,2013,101.85019
Sri Lanka,Male,2014,102.51886
Sri Lanka,Male,2015,102.737
Sri Lanka,Male,2016,102.55836
Sri Lanka,Male,2017,101.35095
Sri Lanka,Male,2018,100.69527
Norway,Male,1970,0
Norway,Male,1971,98.88047
Norway,Male,1972,103.94992
Norway,Male,1973,100.23423
Norway,Male,1974,100.95314
Norway,Male,1975,101.19105
Norway,Male,1976,100.6439
Norway,Male,1977,100.87307
Norway,Male,1978,99.9141
Norway,Male,1979,99.39863
Norway,Male,1980,99.24925
Norway,Male,1981,99.40388
Norway,Male,1982,99.06363
Norway,Male,1983,98.21491
Norway,Male,1984,97.65802
Norway,Male,1985,96.78665
Norway,Male,1986,96.81026
Norway,Male,1987,97.28423
Norway,Male,1988,98.24171
Norway,Male,1989,99.17842
Norway,Male,1990,100.1284
Norway,Male,1991,100.42335
Norway,Male,1992,99.99494
Norway,Male,1993,98.86503
Norway,Male,1994,98.65485
Norway,Male,1995,98.54811
Norway,Male,1996,98.53917
Norway,Male,1997,84.23457
Norway,Male,1998,100.1519
Norway,Male,1999,100.84317
Norway,Male,2000,100.7246
Norway,Male,2001,100.77973
Norway,Male,2002,100.07585
Norway,Male,2003,99.95142
Norway,Male,2004,99.2699
Norway,Male,2005,98.36917
Norway,Male,2006,98.27813
Norway,Male,2007,99.00529
Norway,Male,2008,99.13787
Norway,Male,2009,99.00187
Norway,Male,2010,98.93186
Norway,Male,2011,99.30276
Norway,Male,2012,99.67776
Norway,Male,2013,100.27058
Norway,Male,2014,99.86322
Norway,Male,2015,100.03813
Norway,Male,2016,100.33622
Norway,Male,2017,100.30022
Norway,Male,2018,0
New Zealand,Male,1970,111.54781
New Zealand,Male,1971,109.69293
New Zealand,Male,1972,107.85158
New Zealand,Male,1973,106.73215
New Zealand,Male,1974,106.54355
New Zealand,Male,1975,107.92242
New Zealand,Male,1976,109.24963
New Zealand,Male,1977,110.09987
New Zealand,Male,1978,110.30056
New Zealand,Male,1979,109.86398
New Zealand,Male,1980,108.19498
New Zealand,Male,1981,105.96203
New Zealand,Male,1982,105.663
New Zealand,Male,1983,104.98626
New Zealand,Male,1984,105.53284
New Zealand,Male,1985,106.30582
New Zealand,Male,1986,105.68102
New Zealand,Male,1987,106.26856
New Zealand,Male,1988,104.99073
New Zealand,Male,1989,104.5654
New Zealand,Male,1990,105.69083
New Zealand,Male,1991,103.08825
New Zealand,Male,1992,101.44521
New Zealand,Male,1993,100.46859
New Zealand,Male,1994,100.24938
New Zealand,Male,1995,101.66457
New Zealand,Male,1996,100.39059
New Zealand,Male,1997,101.78105
New Zealand,Male,1998,102.01406
New Zealand,Male,1999,100.60794
New Zealand,Male,2000,99.45583
New Zealand,Male,2001,98.08353
New Zealand,Male,2002,97.61746
New Zealand,Male,2003,98.66995
New Zealand,Male,2004,98.87743
New Zealand,Male,2005,100.12016
New Zealand,Male,2006,100.53192
New Zealand,Male,2007,100.73705
New Zealand,Male,2008,101.10457
New Zealand,Male,2009,100.98804
New Zealand,Male,2010,100.95279
New Zealand,Male,2011,99.42703
New Zealand,Male,2012,98.01148
New Zealand,Male,2013,97.62525
New Zealand,Male,2014,97.46127
New Zealand,Male,2015,97.68881
New Zealand,Male,2016,98.46164
New Zealand,Male,2017,99.7651
New Zealand,Male,2018,0
Pakistan,Male,1970,0
Pakistan,Male,1971,70.39636
Pakistan,Male,1972,69.70851
Pakistan,Male,1973,71.65698
Pakistan,Male,1974,74.89918
Pakistan,Male,1975,75.14126
Pakistan,Male,1976,75.82232
Pakistan,Male,1977,78.57801
Pakistan,Male,1978,66.2323
Pakistan,Male,1979,66.02255
Pakistan,Male,1980,64.90922
Pakistan,Male,1981,65.92495
Pakistan,Male,1982,66.55772
Pakistan,Male,1983,69.82658
Pakistan,Male,1984,69.96021
Pakistan,Male,1985,71.69598
Pakistan,Male,1986,71.79915
Pakistan,Male,1987,74.77975
Pakistan,Male,1988,74.70672
Pakistan,Male,1989,75.40681
Pakistan,Male,1990,75.80545
Pakistan,Male,1991,0
Pakistan,Male,1992,0
Pakistan,Male,1993,0
Pakistan,Male,1994,0
Pakistan,Male,1995,0
Pakistan,Male,1996,0
Pakistan,Male,1997,0
Pakistan,Male,1998,0
Pakistan,Male,1999,0
Pakistan,Male,2000,83.95615
Pakistan,Male,2001,83.81426
Pakistan,Male,2002,83.88115
Pakistan,Male,2003,83.83887
Pakistan,Male,2004,88.56481
Pakistan,Male,2005,91.50459
Pakistan,Male,2006,86.64995
Pakistan,Male,2007,90.36279
Pakistan,Male,2008,90.03915
Pakistan,Male,2009,90.20036
Pakistan,Male,2010,90.99827
Pakistan,Male,2011,86.69284
Pakistan,Male,2012,85.64099
Pakistan,Male,2013,84.9642
Pakistan,Male,2014,90.68501
Pakistan,Male,2015,91.42446
Pakistan,Male,2016,98.22488
Pakistan,Male,2017,96.99446
Pakistan,Male,2018,101.97848
Singapore,Male,1970,0
Singapore,Male,1971,0
Singapore,Male,1972,0
Singapore,Male,1973,0
Singapore,Male,1974,0
Singapore,Male,1975,0
Singapore,Male,1976,0
Singapore,Male,1977,0
Singapore,Male,1978,0
Singapore,Male,1979,0
Singapore,Male,1980,0
Singapore,Male,1981,0
Singapore,Male,1982,0
Singapore,Male,1983,0
Singapore,Male,1984,0
Singapore,Male,1985,0
Singapore,Male,1986,0
Singapore,Male,1987,0
Singapore,Male,1988,0
Singapore,Male,1989,0
Singapore,Male,1990,0
Singapore,Male,1991,0
Singapore,Male,1992,0
Singapore,Male,1993,0
Singapore,Male,1994,0
Singapore,Male,1995,0
Singapore,Male,1996,0
Singapore,Male,1997,0
Singapore,Male,1998,0
Singapore,Male,1999,0
Singapore,Male,2000,0
Singapore,Male,2001,0
Singapore,Male,2002,0
Singapore,Male,2003,0
Singapore,Male,2004,0
Singapore,Male,2005,0
Singapore,Male,2006,0
Singapore,Male,2007,0
Singapore,Male,2008,0
Singapore,Male,2009,0
Singapore,Male,2010,0
Singapore,Male,2011,0
Singapore,Male,2012,0
Singapore,Male,2013,0
Singapore,Male,2014,0
Singapore,Male,2015,0
Singapore,Male,2016,100.85035
Singapore,Male,2017,100.67982
Singapore,Male,2018,0
Sweden,Male,1970,0
Sweden,Male,1971,93.13761
Sweden,Male,1972,94.95366
Sweden,Male,1973,96.29217
Sweden,Male,1974,98.21315
Sweden,Male,1975,99.88297
Sweden,Male,1976,100.67841
Sweden,Male,1977,100.04317
Sweden,Male,1978,98.62836
Sweden,Male,1979,98.36873
Sweden,Male,1980,97.27604
Sweden,Male,1981,96.44336
Sweden,Male,1982,96.93008
Sweden,Male,1983,97.69776
Sweden,Male,1984,98.22197
Sweden,Male,1985,97.2677
Sweden,Male,1986,97.80946
Sweden,Male,1987,98.27441
Sweden,Male,1988,98.58497
Sweden,Male,1989,98.7937
Sweden,Male,1990,99.48998
Sweden,Male,1991,99.61612
Sweden,Male,1992,100.17769
Sweden,Male,1993,103.541
Sweden,Male,1994,103.42572
Sweden,Male,1995,103.51195
Sweden,Male,1996,103.64884
Sweden,Male,1997,104.20767
Sweden,Male,1998,108.3311
Sweden,Male,1999,108.31923
Sweden,Male,2000,108.24982
Sweden,Male,2001,108.31652
Sweden,Male,2002,107.07614
Sweden,Male,2003,105.96536
Sweden,Male,2004,97.54324
Sweden,Male,2005,95.94527
Sweden,Male,2006,95.7624
Sweden,Male,2007,96.82883
Sweden,Male,2008,98.96737
Sweden,Male,2009,100.14228
Sweden,Male,2010,101.69725
Sweden,Male,2011,100.62391
Sweden,Male,2012,102.00091
Sweden,Male,2013,117.05366
Sweden,Male,2014,117.6599
Sweden,Male,2015,120.48721
Sweden,Male,2016,123.2888
Sweden,Male,2017,125.75098
Sweden,Male,2018,0
Syrian Arab Republic,Male,1970,0
Syrian Arab Republic,Male,1971,102.62687
Syrian Arab Republic,Male,1972,105.98369
Syrian Arab Republic,Male,1973,110.56544
Syrian Arab Republic,Male,1974,111.28827
Syrian Arab Republic,Male,1975,112.14063
Syrian Arab Republic,Male,1976,113.39213
Syrian Arab Republic,Male,1977,112.15634
Syrian Arab Republic,Male,1978,110.42466
Syrian Arab Republic,Male,1979,109.06058
Syrian Arab Republic,Male,1980,107.80701
Syrian Arab Republic,Male,1981,107.34093
Syrian Arab Republic,Male,1982,107.2547
Syrian Arab Republic,Male,1983,106.60989
Syrian Arab Republic,Male,1984,107.5968
Syrian Arab Republic,Male,1985,108.22095
Syrian Arab Republic,Male,1986,109.15315
Syrian Arab Republic,Male,1987,111.21201
Syrian Arab Republic,Male,1988,110.40311
Syrian Arab Republic,Male,1989,111.15203
Syrian Arab Republic,Male,1990,110.46349
Syrian Arab Republic,Male,1991,111.87321
Syrian Arab Republic,Male,1992,113.1645
Syrian Arab Republic,Male,1993,111.98202
Syrian Arab Republic,Male,1994,112.05891
Syrian Arab Republic,Male,1995,111.43239
Syrian Arab Republic,Male,1996,111.03472
Syrian Arab Republic,Male,1997,110.2041
Syrian Arab Republic,Male,1998,108.87602
Syrian Arab Republic,Male,1999,110.45673
Syrian Arab Republic,Male,2000,111.38281
Syrian Arab Republic,Male,2001,113.20884
Syrian Arab Republic,Male,2002,115.12185
Syrian Arab Republic,Male,2003,124.08109
Syrian Arab Republic,Male,2004,123.20741
Syrian Arab Republic,Male,2005,122.12797
Syrian Arab Republic,Male,2006,119.5004
Syrian Arab Republic,Male,2007,117.70672
Syrian Arab Republic,Male,2008,117.02352
Syrian Arab Republic,Male,2009,116.64243
Syrian Arab Republic,Male,2010,118.82916
Syrian Arab Republic,Male,2011,123.585
Syrian Arab Republic,Male,2012,130.7886
Syrian Arab Republic,Male,2013,83.06492
Syrian Arab Republic,Male,2014,0
Syrian Arab Republic,Male,2015,0
Syrian Arab Republic,Male,2016,0
Syrian Arab Republic,Male,2017,0
Syrian Arab Republic,Male,2018,0
United States,Male,1970,0
United States,Male,1971,0
United States,Male,1972,0
United States,Male,1973,0
United States,Male,1974,0
United States,Male,1975,0
United States,Male,1976,0
United States,Male,1977,0
United States,Male,1978,0
United States,Male,1979,0
United States,Male,1980,0
United States,Male,1981,0
United States,Male,1982,0
United States,Male,1983,0
United States,Male,1984,0
United States,Male,1985,0
United States,Male,1986,0
United States,Male,1987,0
United States,Male,1988,0
United States,Male,1989,0
United States,Male,1990,0
United States,Male,1991,0
United States,Male,1992,0
United States,Male,1993,0
United States,Male,1994,0
United States,Male,1995,0
United States,Male,1996,0
United States,Male,1997,0
United States,Male,1998,0
United States,Male,1999,0
United States,Male,2000,0
United States,Male,2001,0
United States,Male,2002,0
United States,Male,2003,0
United States,Male,2004,0
United States,Male,2005,102.41138
United States,Male,2006,0
United States,Male,2007,0
United States,Male,2008,0
United States,Male,2009,0
United States,Male,2010,100.82667
United States,Male,2011,99.1939
United States,Male,2012,99.90838
United States,Male,2013,99.85975
United States,Male,2014,99.83744
United States,Male,2015,100.31204
United States,Male,2016,101.44578
United States,Male,2017,102.20446
United States,Male,2018,0
United Arab Emirates,Female,1970,0
United Arab Emirates,Female,1971,64.38101
United Arab Emirates,Female,1972,68.2361
United Arab Emirates,Female,1973,73.73899
United Arab Emirates,Female,1974,75.59203
United Arab Emirates,Female,1975,76.91771
United Arab Emirates,Female,1976,89.29002
United Arab Emirates,Female,1977,96.04888
United Arab Emirates,Female,1978,96.09121
United Arab Emirates,Female,1979,93.27118
United Arab Emirates,Female,1980,90.45863
United Arab Emirates,Female,1981,86.47605
United Arab Emirates,Female,1982,90.49996
United Arab Emirates,Female,1983,90.99318
United Arab Emirates,Female,1984,91.63288
United Arab Emirates,Female,1985,91.21188
United Arab Emirates,Female,1986,92.79494
United Arab Emirates,Female,1987,93.73063
United Arab Emirates,Female,1988,96.25357
United Arab Emirates,Female,1989,100.63874
United Arab Emirates,Female,1990,104.63873
United Arab Emirates,Female,1991,105.6892
United Arab Emirates,Female,1992,101.25624
United Arab Emirates,Female,1993,99.33257
United Arab Emirates,Female,1994,99.45523
United Arab Emirates,Female,1995,99.97455
United Arab Emirates,Female,1996,97.39786
United Arab Emirates,Female,1997,92.99405
United Arab Emirates,Female,1998,89.90126
United Arab Emirates,Female,1999,0
United Arab Emirates,Female,2000,0
United Arab Emirates,Female,2001,0
United Arab Emirates,Female,2002,0
United Arab Emirates,Female,2003,0
United Arab Emirates,Female,2004,0
United Arab Emirates,Female,2005,0
United Arab Emirates,Female,2006,0
United Arab Emirates,Female,2007,102.08926
United Arab Emirates,Female,2008,0
United Arab Emirates,Female,2009,0
United Arab Emirates,Female,2010,0
United Arab Emirates,Female,2011,0
United Arab Emirates,Female,2012,100.89756
United Arab Emirates,Female,2013,100.07414
United Arab Emirates,Female,2014,104.061
United Arab Emirates,Female,2015,111.64165
United Arab Emirates,Female,2016,106.67191
United Arab Emirates,Female,2017,107.34338
United Arab Emirates,Female,2018,0
Belgium,Female,1970,0
Belgium,Female,1971,107.80264
Belgium,Female,1972,106.6124
Belgium,Female,1973,101.80352
Belgium,Female,1974,103.53171
Belgium,Female,1975,103.67131
Belgium,Female,1976,104.50322
Belgium,Female,1977,104.62349
Belgium,Female,1978,104.45675
Belgium,Female,1979,104.04608
Belgium,Female,1980,103.79934
Belgium,Female,1981,103.29004
Belgium,Female,1982,102.72443
Belgium,Female,1983,100.00812
Belgium,Female,1984,99.36458
Belgium,Female,1985,98.81594
Belgium,Female,1986,99.31518
Belgium,Female,1987,100.73713
Belgium,Female,1988,102.07917
Belgium,Female,1989,102.48807
Belgium,Female,1990,101.99549
Belgium,Female,1991,101.49108
Belgium,Female,1992,99.94535
Belgium,Female,1993,102.30022
Belgium,Female,1994,101.54458
Belgium,Female,1995,101.47028
Belgium,Female,1996,101.72046
Belgium,Female,1997,0
Belgium,Female,1998,0
Belgium,Female,1999,103.40448
Belgium,Female,2000,104.53788
Belgium,Female,2001,103.74379
Belgium,Female,2002,102.80492
Belgium,Female,2003,101.90845
Belgium,Female,2004,100.6175
Belgium,Female,2005,100.23297
Belgium,Female,2006,100.43634
Belgium,Female,2007,101.37481
Belgium,Female,2008,102.03599
Belgium,Female,2009,101.95695
Belgium,Female,2010,101.80219
Belgium,Female,2011,101.84109
Belgium,Female,2012,102.03899
Belgium,Female,2013,103.89094
Belgium,Female,2014,103.63292
Belgium,Female,2015,103.06613
Belgium,Female,2016,103.25745
Belgium,Female,2017,103.9583
Belgium,Female,2018,0
Bangladesh,Female,1970,36.77577
Bangladesh,Female,1971,33.82008
Bangladesh,Female,1972,45.60529
Bangladesh,Female,1973,54.23527
Bangladesh,Female,1974,50.67871
Bangladesh,Female,1975,55.55429
Bangladesh,Female,1976,56.94861
Bangladesh,Female,1977,56.91495
Bangladesh,Female,1978,55.66431
Bangladesh,Female,1979,54.69713
Bangladesh,Female,1980,53.76432
Bangladesh,Female,1981,57.52066
Bangladesh,Female,1982,59.16526
Bangladesh,Female,1983,54.85811
Bangladesh,Female,1984,58.78841
Bangladesh,Female,1985,56.97407
Bangladesh,Female,1986,56.60137
Bangladesh,Female,1987,55.75403
Bangladesh,Female,1988,71.63406
Bangladesh,Female,1989,71.91479
Bangladesh,Female,1990,76.59801
Bangladesh,Female,1991,0
Bangladesh,Female,1992,0
Bangladesh,Female,1993,0
Bangladesh,Female,1994,0
Bangladesh,Female,1995,0
Bangladesh,Female,1996,0
Bangladesh,Female,1997,0
Bangladesh,Female,1998,0
Bangladesh,Female,1999,0
Bangladesh,Female,2000,0
Bangladesh,Female,2001,0
Bangladesh,Female,2002,0
Bangladesh,Female,2003,0
Bangladesh,Female,2004,0
Bangladesh,Female,2005,103.95454
Bangladesh,Female,2006,105.25839
Bangladesh,Female,2007,105.24104
Bangladesh,Female,2008,102.59263
Bangladesh,Female,2009,105.38209
Bangladesh,Female,2010,109.25345
Bangladesh,Female,2011,0
Bangladesh,Female,2012,0
Bangladesh,Female,2013,0
Bangladesh,Female,2014,0
Bangladesh,Female,2015,0
Bangladesh,Female,2016,0
Bangladesh,Female,2017,119.05796
Bangladesh,Female,2018,120.75175
Bolivia,Female,1970,73.63778
Bolivia,Female,1971,77.48537
Bolivia,Female,1972,0
Bolivia,Female,1973,82.76979
Bolivia,Female,1974,85.68758
Bolivia,Female,1975,90.91034
Bolivia,Female,1976,93.46434
Bolivia,Female,1977,91.38094
Bolivia,Female,1978,92.99418
Bolivia,Female,1979,94.5608
Bolivia,Female,1980,95.58928
Bolivia,Female,1981,95.45904
Bolivia,Female,1982,0
Bolivia,Female,1983,98.93133
Bolivia,Female,1984,105.78433
Bolivia,Female,1985,0
Bolivia,Female,1986,103.58541
Bolivia,Female,1987,109.71624
Bolivia,Female,1988,0
Bolivia,Female,1989,99.78017
Bolivia,Female,1990,102.52477
Bolivia,Female,1991,104.43667
Bolivia,Female,1992,104.81612
Bolivia,Female,1993,106.53688
Bolivia,Female,1994,108.73207
Bolivia,Female,1995,111.2442
Bolivia,Female,1996,112.48854
Bolivia,Female,1997,113.79012
Bolivia,Female,1998,115.13866
Bolivia,Female,1999,117.41966
Bolivia,Female,2000,117.36041
Bolivia,Female,2001,116.53197
Bolivia,Female,2002,117.23113
Bolivia,Female,2003,115.87395
Bolivia,Female,2004,115.42229
Bolivia,Female,2005,114.88491
Bolivia,Female,2006,113.34209
Bolivia,Female,2007,112.37399
Bolivia,Female,2008,110.73989
Bolivia,Female,2009,106.611
Bolivia,Female,2010,104.21731
Bolivia,Female,2011,100.28627
Bolivia,Female,2012,97.59756
Bolivia,Female,2013,95.94832
Bolivia,Female,2014,94.75959
Bolivia,Female,2015,94.9035
Bolivia,Female,2016,95.74906
Bolivia,Female,2017,96.87381
Bolivia,Female,2018,97.64904
Brazil,Female,1970,0
Brazil,Female,1971,0
Brazil,Female,1972,0
Brazil,Female,1973,0
Brazil,Female,1974,0
Brazil,Female,1975,0
Brazil,Female,1976,0
Brazil,Female,1977,0
Brazil,Female,1978,0
Brazil,Female,1979,0
Brazil,Female,1980,0
Brazil,Female,1981,0
Brazil,Female,1982,0
Brazil,Female,1983,0
Brazil,Female,1984,0
Brazil,Female,1985,0
Brazil,Female,1986,0
Brazil,Female,1987,0
Brazil,Female,1988,0
Brazil,Female,1989,0
Brazil,Female,1990,0
Brazil,Female,1991,0
Brazil,Female,1992,0
Brazil,Female,1993,0
Brazil,Female,1994,0
Brazil,Female,1995,0
Brazil,Female,1996,0
Brazil,Female,1997,0
Brazil,Female,1998,0
Brazil,Female,1999,163.02089
Brazil,Female,2000,0
Brazil,Female,2001,145.88491
Brazil,Female,2002,141.54553
Brazil,Female,2003,136.47261
Brazil,Female,2004,130.36466
Brazil,Female,2005,129.16456
Brazil,Female,2006,0
Brazil,Female,2007,124.87829
Brazil,Female,2008,127.31312
Brazil,Female,2009,128.18803
Brazil,Female,2010,0
Brazil,Female,2011,127.55449
Brazil,Female,2012,131.12866
Brazil,Female,2013,111.47087
Brazil,Female,2014,111.69786
Brazil,Female,2015,110.39203
Brazil,Female,2016,112.44399
Brazil,Female,2017,113.40708
Brazil,Female,2018,0
Switzerland,Female,1970,0
Switzerland,Female,1971,0
Switzerland,Female,1972,0
Switzerland,Female,1973,94.4015
Switzerland,Female,1974,93.68452
Switzerland,Female,1975,93.18697
Switzerland,Female,1976,92.5116
Switzerland,Female,1977,83.84048
Switzerland,Female,1978,84.68825
Switzerland,Female,1979,83.61332
Switzerland,Female,1980,82.99566
Switzerland,Female,1981,82.92342
Switzerland,Female,1982,82.82508
Switzerland,Female,1983,82.4299
Switzerland,Female,1984,82.09162
Switzerland,Female,1985,81.82275
Switzerland,Female,1986,82.10592
Switzerland,Female,1987,83.40747
Switzerland,Female,1988,85.22351
Switzerland,Female,1989,87.67335
Switzerland,Female,1990,90.13831
Switzerland,Female,1991,91.45242
Switzerland,Female,1992,91.93563
Switzerland,Female,1993,95.3273
Switzerland,Female,1994,94.44411
Switzerland,Female,1995,95.9262
Switzerland,Female,1996,98.03136
Switzerland,Female,1997,0
Switzerland,Female,1998,105.19219
Switzerland,Female,1999,105.5985
Switzerland,Female,2000,106.59656
Switzerland,Female,2001,105.68524
Switzerland,Female,2002,104.7198
Switzerland,Female,2003,104.12201
Switzerland,Female,2004,103.19076
Switzerland,Female,2005,102.1477
Switzerland,Female,2006,101.76763
Switzerland,Female,2007,101.87495
Switzerland,Female,2008,102.27318
Switzerland,Female,2009,102.58719
Switzerland,Female,2010,102.60698
Switzerland,Female,2011,102.85256
Switzerland,Female,2012,103.02621
Switzerland,Female,2013,103.50073
Switzerland,Female,2014,103.52739
Switzerland,Female,2015,104.03302
Switzerland,Female,2016,104.25858
Switzerland,Female,2017,104.82491
Switzerland,Female,2018,0
China,Female,1970,0
China,Female,1971,0
China,Female,1972,0
China,Female,1973,0
China,Female,1974,99.70216
China,Female,1975,108.96678
China,Female,1976,112.53715
China,Female,1977,108.30091
China,Female,1978,102.53646
China,Female,1979,100.32783
China,Female,1980,100.7516
China,Female,1981,101.62637
China,Female,1982,100.12945
China,Female,1983,99.63011
China,Female,1984,100.62605
China,Female,1985,105.4429
China,Female,1986,112.17604
China,Female,1987,117.41046
China,Female,1988,119.79486
China,Female,1989,120.76775
China,Female,1990,120.63996
China,Female,1991,118.44505
China,Female,1992,116.66322
China,Female,1993,113.76862
China,Female,1994,111.05683
China,Female,1995,108.62555
China,Female,1996,105.64649
China,Female,1997,103.67685
China,Female,1998,104.37068
China,Female,1999,0
China,Female,2000,0
China,Female,2001,111.83423
China,Female,2002,0
China,Female,2003,0
China,Female,2004,0
China,Female,2005,0
China,Female,2006,100.56225
China,Female,2007,100.07257
China,Female,2008,99.90914
China,Female,2009,99.12141
China,Female,2010,98.04289
China,Female,2011,98.24032
China,Female,2012,99.19531
China,Female,2013,99.43689
China,Female,2014,95.83343
China,Female,2015,96.44554
China,Female,2016,98.22966
China,Female,2017,99.90993
China,Female,2018,100.83158
Colombia,Female,1970,103.72905
Colombia,Female,1971,106.36779
Colombia,Female,1972,107.04693
Colombia,Female,1973,110.0004
Colombia,Female,1974,110.79488
Colombia,Female,1975,113.65654
Colombia,Female,1976,117.33515
Colombia,Female,1977,120.61439
Colombia,Female,1978,124.50472
Colombia,Female,1979,127.29337
Colombia,Female,1980,122.33459
Colombia,Female,1981,123.68968
Colombia,Female,1982,113.86987
Colombia,Female,1983,113.47207
Colombia,Female,1984,111.21487
Colombia,Female,1985,110.57432
Colombia,Female,1986,107.54752
Colombia,Female,1987,107.94645
Colombia,Female,1988,107.85393
Colombia,Female,1989,108.07661
Colombia,Female,1990,114.98017
Colombia,Female,1991,108.95897
Colombia,Female,1992,115.4504
Colombia,Female,1993,114.57967
Colombia,Female,1994,113.40709
Colombia,Female,1995,113.67733
Colombia,Female,1996,118.43025
Colombia,Female,1997,0
Colombia,Female,1998,119.29999
Colombia,Female,1999,119.77936
Colombia,Female,2000,119.30828
Colombia,Female,2001,115.77276
Colombia,Female,2002,116.66644
Colombia,Female,2003,0
Colombia,Female,2004,118.89933
Colombia,Female,2005,120.40718
Colombia,Female,2006,121.60144
Colombia,Female,2007,122.7143
Colombia,Female,2008,123.37565
Colombia,Female,2009,124.39658
Colombia,Female,2010,119.29285
Colombia,Female,2011,115.65773
Colombia,Female,2012,113.04351
Colombia,Female,2013,114.74792
Colombia,Female,2014,112.65401
Colombia,Female,2015,113.40598
Colombia,Female,2016,114.59583
Colombia,Female,2017,113.11086
Colombia,Female,2018,112.75912
Germany,Female,1970,0
Germany,Female,1971,0
Germany,Female,1972,0
Germany,Female,1973,0
Germany,Female,1974,0
Germany,Female,1975,0
Germany,Female,1976,0
Germany,Female,1977,0
Germany,Female,1978,0
Germany,Female,1979,0
Germany,Female,1980,0
Germany,Female,1981,0
Germany,Female,1982,0
Germany,Female,1983,0
Germany,Female,1984,0
Germany,Female,1985,0
Germany,Female,1986,0
Germany,Female,1987,0
Germany,Female,1988,0
Germany,Female,1989,0
Germany,Female,1990,0
Germany,Female,1991,0
Germany,Female,1992,99.63171
Germany,Female,1993,100.42939
Germany,Female,1994,99.99972
Germany,Female,1995,100.92838
Germany,Female,1996,102.02764
Germany,Female,1997,103.45297
Germany,Female,1998,104.7981
Germany,Female,1999,104.64007
Germany,Female,2000,104.75588
Germany,Female,2001,103.84735
Germany,Female,2002,102.04504
Germany,Female,2003,101.71246
Germany,Female,2004,102.54263
Germany,Female,2005,102.89497
Germany,Female,2006,103.97075
Germany,Female,2007,104.50063
Germany,Female,2008,103.64774
Germany,Female,2009,103.06751
Germany,Female,2010,102.69517
Germany,Female,2011,102.11483
Germany,Female,2012,101.47709
Germany,Female,2013,100.55736
Germany,Female,2014,100.35925
Germany,Female,2015,101.60096
Germany,Female,2016,102.6915
Germany,Female,2017,104.1598
Germany,Female,2018,0
Denmark,Female,1970,0
Denmark,Female,1971,96.86668
Denmark,Female,1972,97.35013
Denmark,Female,1973,99.72711
Denmark,Female,1974,102.48316
Denmark,Female,1975,104.35513
Denmark,Female,1976,103.77289
Denmark,Female,1977,102.24428
Denmark,Female,1978,100.71764
Denmark,Female,1979,99.00331
Denmark,Female,1980,97.51301
Denmark,Female,1981,95.59286
Denmark,Female,1982,96.40157
Denmark,Female,1983,98.15753
Denmark,Female,1984,98.92843
Denmark,Female,1985,99.02563
Denmark,Female,1986,98.62751
Denmark,Female,1987,98.9879
Denmark,Female,1988,99.15072
Denmark,Female,1989,97.94835
Denmark,Female,1990,97.84123
Denmark,Female,1991,98.31617
Denmark,Female,1992,97.33748
Denmark,Female,1993,98.43646
Denmark,Female,1994,100.2129
Denmark,Female,1995,100.57589
Denmark,Female,1996,100.44908
Denmark,Female,1997,0
Denmark,Female,1998,101.74723
Denmark,Female,1999,101.5151
Denmark,Female,2000,101.57652
Denmark,Female,2001,101.5231
Denmark,Female,2002,103.46623
Denmark,Female,2003,0
Denmark,Female,2004,100.66441
Denmark,Female,2005,98.67506
Denmark,Female,2006,99.32654
Denmark,Female,2007,100.05085
Denmark,Female,2008,99.90137
Denmark,Female,2009,99.75237
Denmark,Female,2010,99.68572
Denmark,Female,2011,100.47503
Denmark,Female,2012,100.89399
Denmark,Female,2013,101.00692
Denmark,Female,2014,100.70018
Denmark,Female,2015,100.76162
Denmark,Female,2016,101.19146
Denmark,Female,2017,100.93354
Denmark,Female,2018,0
United Kingdom,Female,1970,0
United Kingdom,Female,1971,103.98787
United Kingdom,Female,1972,103.23125
United Kingdom,Female,1973,102.50712
United Kingdom,Female,1974,102.65958
United Kingdom,Female,1975,102.98632
United Kingdom,Female,1976,103.579
United Kingdom,Female,1977,104.01168
United Kingdom,Female,1978,104.14881
United Kingdom,Female,1979,104.3545
United Kingdom,Female,1980,104.55131
United Kingdom,Female,1981,104.17443
United Kingdom,Female,1982,103.25505
United Kingdom,Female,1983,101.98005
United Kingdom,Female,1984,102.45317
United Kingdom,Female,1985,102.94766
United Kingdom,Female,1986,105.30309
United Kingdom,Female,1987,106.96206
United Kingdom,Female,1988,107.91256
United Kingdom,Female,1989,107.6584
United Kingdom,Female,1990,107.06716
United Kingdom,Female,1991,105.84386
United Kingdom,Female,1992,104.25321
United Kingdom,Female,1993,0
United Kingdom,Female,1994,0
United Kingdom,Female,1995,0
United Kingdom,Female,1996,0
United Kingdom,Female,1997,0
United Kingdom,Female,1998,100.74056
United Kingdom,Female,1999,100.70593
United Kingdom,Female,2000,100.3973
United Kingdom,Female,2001,100.29372
United Kingdom,Female,2002,99.89481
United Kingdom,Female,2003,100.08469
United Kingdom,Female,2004,105.97256
United Kingdom,Female,2005,106.33244
United Kingdom,Female,2006,105.32282
United Kingdom,Female,2007,103.45207
United Kingdom,Female,2008,104.8792
United Kingdom,Female,2009,104.10147
United Kingdom,Female,2010,104.26413
United Kingdom,Female,2011,104.35634
United Kingdom,Female,2012,106.22143
United Kingdom,Female,2013,106.98184
United Kingdom,Female,2014,102.15237
United Kingdom,Female,2015,101.85664
United Kingdom,Female,2016,101.24605
United Kingdom,Female,2017,101.00604
United Kingdom,Female,2018,0
Ghana,Female,1970,0
Ghana,Female,1971,58.39319
Ghana,Female,1972,56.34238
Ghana,Female,1973,56.94486
Ghana,Female,1974,55.97523
Ghana,Female,1975,55.45806
Ghana,Female,1976,59.3373
Ghana,Female,1977,60.64786
Ghana,Female,1978,60.64319
Ghana,Female,1979,62.15402
Ghana,Female,1980,63.65961
Ghana,Female,1981,66.12368
Ghana,Female,1982,67.46868
Ghana,Female,1983,66.10327
Ghana,Female,1984,63.73288
Ghana,Female,1985,64.55805
Ghana,Female,1986,0
Ghana,Female,1987,62.01441
Ghana,Female,1988,62.93836
Ghana,Female,1989,66.58905
Ghana,Female,1990,65.20753
Ghana,Female,1991,73.17808
Ghana,Female,1992,74.34937
Ghana,Female,1993,73.96165
Ghana,Female,1994,75.29112
Ghana,Female,1995,74.14715
Ghana,Female,1996,0
Ghana,Female,1997,0
Ghana,Female,1998,0
Ghana,Female,1999,75.14826
Ghana,Female,2000,79.86348
Ghana,Female,2001,75.50875
Ghana,Female,2002,78.51442
Ghana,Female,2003,75.42454
Ghana,Female,2004,78.24144
Ghana,Female,2005,84.72448
Ghana,Female,2006,89.79421
Ghana,Female,2007,94.73205
Ghana,Female,2008,100.17072
Ghana,Female,2009,99.45972
Ghana,Female,2010,0
Ghana,Female,2011,102.477
Ghana,Female,2012,106.58333
Ghana,Female,2013,106.06135
Ghana,Female,2014,104.55587
Ghana,Female,2015,108.31824
Ghana,Female,2016,107.39577
Ghana,Female,2017,106.05085
Ghana,Female,2018,104.20701
Greece,Female,1970,0
Greece,Female,1971,100.33852
Greece,Female,1972,101.33025
Greece,Female,1973,102.3011
Greece,Female,1974,103.63168
Greece,Female,1975,103.53064
Greece,Female,1976,103.4058
Greece,Female,1977,102.67635
Greece,Female,1978,101.62741
Greece,Female,1979,100.1692
Greece,Female,1980,98.11082
Greece,Female,1981,99.70501
Greece,Female,1982,99.54482
Greece,Female,1983,100.09596
Greece,Female,1984,99.9034
Greece,Female,1985,99.41033
Greece,Female,1986,98.29816
Greece,Female,1987,95.28897
Greece,Female,1988,95.96877
Greece,Female,1989,95.24849
Greece,Female,1990,94.51779
Greece,Female,1991,94.17324
Greece,Female,1992,92.61222
Greece,Female,1993,90.65347
Greece,Female,1994,90.39567
Greece,Female,1995,93.36246
Greece,Female,1996,92.40175
Greece,Female,1997,92.90816
Greece,Female,1998,95.30089
Greece,Female,1999,96.80405
Greece,Female,2000,97.59918
Greece,Female,2001,96.28266
Greece,Female,2002,96.8856
Greece,Female,2003,97.26032
Greece,Female,2004,97.46844
Greece,Female,2005,96.75714
Greece,Female,2006,96.53981
Greece,Female,2007,95.84466
Greece,Female,2008,0
Greece,Female,2009,0
Greece,Female,2010,97.35484
Greece,Female,2011,97.26552
Greece,Female,2012,98.16421
Greece,Female,2013,98.04188
Greece,Female,2014,97.27929
Greece,Female,2015,99.06667
Greece,Female,2016,99.06119
Greece,Female,2017,99.56859
Greece,Female,2018,0
India,Female,1970,0
India,Female,1971,60.93055
India,Female,1972,61.65603
India,Female,1973,64.6029
India,Female,1974,64.18544
India,Female,1975,64.99838
India,Female,1976,65.1925
India,Female,1977,67.39325
India,Female,1978,63.71403
India,Female,1979,64.30547
India,Female,1980,65.61253
India,Female,1981,67.28797
India,Female,1982,67.80452
India,Female,1983,69.8634
India,Female,1984,71.38266
India,Female,1985,72.23265
India,Female,1986,75.38278
India,Female,1987,74.42185
India,Female,1988,75.91306
India,Female,1989,77.50959
India,Female,1990,77.74122
India,Female,1991,78.98611
India,Female,1992,79.93688
India,Female,1993,83.30173
India,Female,1994,84.86303
India,Female,1995,84.71991
India,Female,1996,85.19561
India,Female,1997,85.34358
India,Female,1998,84.15724
India,Female,1999,84.89983
India,Female,2000,86.76234
India,Female,2001,87.15018
India,Female,2002,88.68851
India,Female,2003,101.92667
India,Female,2004,0
India,Female,2005,0
India,Female,2006,0
India,Female,2007,109.61158
India,Female,2008,111.85216
India,Female,2009,111.28928
India,Female,2010,110.69512
India,Female,2011,110.31036
India,Female,2012,111.97443
India,Female,2013,117.12038
India,Female,2014,114.01876
India,Female,2015,114.78057
India,Female,2016,123.55514
India,Female,2017,121.12737
India,Female,2018,0
"Iran, Islamic Rep.",Female,1970,0
"Iran, Islamic Rep.",Female,1971,52.25176
"Iran, Islamic Rep.",Female,1972,57.26316
"Iran, Islamic Rep.",Female,1973,59.8996
"Iran, Islamic Rep.",Female,1974,61.84351
"Iran, Islamic Rep.",Female,1975,70.33812
"Iran, Islamic Rep.",Female,1976,77.05317
"Iran, Islamic Rep.",Female,1977,81.56487
"Iran, Islamic Rep.",Female,1978,84.92675
"Iran, Islamic Rep.",Female,1979,0
"Iran, Islamic Rep.",Female,1980,0
"Iran, Islamic Rep.",Female,1981,0
"Iran, Islamic Rep.",Female,1982,81.02092
"Iran, Islamic Rep.",Female,1983,83.57288
"Iran, Islamic Rep.",Female,1984,87.67874
"Iran, Islamic Rep.",Female,1985,89.33222
"Iran, Islamic Rep.",Female,1986,91.53568
"Iran, Islamic Rep.",Female,1987,92.30362
"Iran, Islamic Rep.",Female,1988,94.24872
"Iran, Islamic Rep.",Female,1989,95.74282
"Iran, Islamic Rep.",Female,1990,98.04155
"Iran, Islamic Rep.",Female,1991,100.99567
"Iran, Islamic Rep.",Female,1992,103.02416
"Iran, Islamic Rep.",Female,1993,102.96591
"Iran, Islamic Rep.",Female,1994,101.39261
"Iran, Islamic Rep.",Female,1995,99.93731
"Iran, Islamic Rep.",Female,1996,98.83479
"Iran, Islamic Rep.",Female,1997,96.48227
"Iran, Islamic Rep.",Female,1998,97.05959
"Iran, Islamic Rep.",Female,1999,97.02752
"Iran, Islamic Rep.",Female,2000,98.10122
"Iran, Islamic Rep.",Female,2001,100.35826
"Iran, Islamic Rep.",Female,2002,100.69473
"Iran, Islamic Rep.",Female,2003,99.88328
"Iran, Islamic Rep.",Female,2004,99.53144
"Iran, Islamic Rep.",Female,2005,97.45368
"Iran, Islamic Rep.",Female,2006,98.05888
"Iran, Islamic Rep.",Female,2007,98.96748
"Iran, Islamic Rep.",Female,2008,99.93446
"Iran, Islamic Rep.",Female,2009,100.6152
"Iran, Islamic Rep.",Female,2010,99.56544
"Iran, Islamic Rep.",Female,2011,99.64402
"Iran, Islamic Rep.",Female,2012,100.40758
"Iran, Islamic Rep.",Female,2013,115.9077
"Iran, Islamic Rep.",Female,2014,110.25691
"Iran, Islamic Rep.",Female,2015,112.2737
"Iran, Islamic Rep.",Female,2016,115.06075
"Iran, Islamic Rep.",Female,2017,113.88066
"Iran, Islamic Rep.",Female,2018,0
Iraq,Female,1970,0
Iraq,Female,1971,42.08762
Iraq,Female,1972,43.096
Iraq,Female,1973,45.09498
Iraq,Female,1974,47.40092
Iraq,Female,1975,51.89518
Iraq,Female,1976,58.87733
Iraq,Female,1977,65.27168
Iraq,Female,1978,69.18857
Iraq,Female,1979,92.63194
Iraq,Female,1980,100.25917
Iraq,Female,1981,101.59169
Iraq,Female,1982,101.58344
Iraq,Female,1983,97.38571
Iraq,Female,1984,96.17825
Iraq,Female,1985,94.06848
Iraq,Female,1986,93.73512
Iraq,Female,1987,94.59778
Iraq,Female,1988,96.11512
Iraq,Female,1989,93.08005
Iraq,Female,1990,0
Iraq,Female,1991,99.52119
Iraq,Female,1992,83.86448
Iraq,Female,1993,82.8042
Iraq,Female,1994,0
Iraq,Female,1995,0
Iraq,Female,1996,78.41712
Iraq,Female,1997,0
Iraq,Female,1998,0
Iraq,Female,1999,88.86458
Iraq,Female,2000,87.82456
Iraq,Female,2001,0
Iraq,Female,2002,0
Iraq,Female,2003,97.09043
Iraq,Female,2004,95.26054
Iraq,Female,2005,0
Iraq,Female,2006,0
Iraq,Female,2007,99.11404
Iraq,Female,2008,0
Iraq,Female,2009,0
Iraq,Female,2010,0
Iraq,Female,2011,0
Iraq,Female,2012,0
Iraq,Female,2013,0
Iraq,Female,2014,0
Iraq,Female,2015,0
Iraq,Female,2016,0
Iraq,Female,2017,0
Iraq,Female,2018,0
Iceland,Female,1970,0
Iceland,Female,1971,97.97177
Iceland,Female,1972,98.8453
Iceland,Female,1973,98.70217
Iceland,Female,1974,99.12595
Iceland,Female,1975,100
Iceland,Female,1976,99.46845
Iceland,Female,1977,99.99214
Iceland,Female,1978,0
Iceland,Female,1979,0
Iceland,Female,1980,0
Iceland,Female,1981,0
Iceland,Female,1982,0
Iceland,Female,1983,99.51742
Iceland,Female,1984,100.28553
Iceland,Female,1985,0
Iceland,Female,1986,97.64715
Iceland,Female,1987,97.42067
Iceland,Female,1988,99.91058
Iceland,Female,1989,101.36397
Iceland,Female,1990,0
Iceland,Female,1991,0
Iceland,Female,1992,0
Iceland,Female,1993,98.6697
Iceland,Female,1994,97.37368
Iceland,Female,1995,97.81334
Iceland,Female,1996,98.51683
Iceland,Female,1997,98.9372
Iceland,Female,1998,99.23622
Iceland,Female,1999,99.81569
Iceland,Female,2000,101.80556
Iceland,Female,2001,102.01058
Iceland,Female,2002,98.7336
Iceland,Female,2003,97.23144
Iceland,Female,2004,95.51192
Iceland,Female,2005,95.66197
Iceland,Female,2006,96.88257
Iceland,Female,2007,98.45805
Iceland,Female,2008,99.58678
Iceland,Female,2009,100.11602
Iceland,Female,2010,99.63761
Iceland,Female,2011,98.98411
Iceland,Female,2012,98.41895
Iceland,Female,2013,97.78287
Iceland,Female,2014,97.70069
Iceland,Female,2015,98.57701
Iceland,Female,2016,99.48309
Iceland,Female,2017,100.34877
Iceland,Female,2018,0
Japan,Female,1970,0
Japan,Female,1971,0
Japan,Female,1972,0
Japan,Female,1973,0
Japan,Female,1974,0
Japan,Female,1975,0
Japan,Female,1976,0
Japan,Female,1977,0
Japan,Female,1978,0
Japan,Female,1979,0
Japan,Female,1980,0
Japan,Female,1981,0
Japan,Female,1982,0
Japan,Female,1983,0
Japan,Female,1984,0
Japan,Female,1985,0
Japan,Female,1986,0
Japan,Female,1987,0
Japan,Female,1988,0
Japan,Female,1989,0
Japan,Female,1990,0
Japan,Female,1991,0
Japan,Female,1992,0
Japan,Female,1993,0
Japan,Female,1994,0
Japan,Female,1995,0
Japan,Female,1996,0
Japan,Female,1997,0
Japan,Female,1998,0
Japan,Female,1999,0
Japan,Female,2000,0
Japan,Female,2001,0
Japan,Female,2002,0
Japan,Female,2003,0
Japan,Female,2004,0
Japan,Female,2005,0
Japan,Female,2006,0
Japan,Female,2007,0
Japan,Female,2008,0
Japan,Female,2009,0
Japan,Female,2010,0
Japan,Female,2011,0
Japan,Female,2012,0
Japan,Female,2013,0
Japan,Female,2014,0
Japan,Female,2015,0
Japan,Female,2016,0
Japan,Female,2017,0
Japan,Female,2018,0
Lebanon,Female,1970,0
Lebanon,Female,1971,125.66255
Lebanon,Female,1972,0
Lebanon,Female,1973,0
Lebanon,Female,1974,129.31907
Lebanon,Female,1975,0
Lebanon,Female,1976,0
Lebanon,Female,1977,0
Lebanon,Female,1978,0
Lebanon,Female,1979,0
Lebanon,Female,1980,0
Lebanon,Female,1981,0
Lebanon,Female,1982,115.46615
Lebanon,Female,1983,108.02945
Lebanon,Female,1984,0
Lebanon,Female,1985,90.58411
Lebanon,Female,1986,0
Lebanon,Female,1987,0
Lebanon,Female,1988,0
Lebanon,Female,1989,0
Lebanon,Female,1990,0
Lebanon,Female,1991,0
Lebanon,Female,1992,0
Lebanon,Female,1993,0
Lebanon,Female,1994,0
Lebanon,Female,1995,0
Lebanon,Female,1996,0
Lebanon,Female,1997,0
Lebanon,Female,1998,0
Lebanon,Female,1999,0
Lebanon,Female,2000,0
Lebanon,Female,2001,0
Lebanon,Female,2002,0
Lebanon,Female,2003,0
Lebanon,Female,2004,0
Lebanon,Female,2005,0
Lebanon,Female,2006,0
Lebanon,Female,2007,0
Lebanon,Female,2008,0
Lebanon,Female,2009,0
Lebanon,Female,2010,0
Lebanon,Female,2011,0
Lebanon,Female,2012,0
Lebanon,Female,2013,0
Lebanon,Female,2014,0
Lebanon,Female,2015,0
Lebanon,Female,2016,0
Lebanon,Female,2017,0
Lebanon,Female,2018,0
Libya,Female,1970,0
Libya,Female,1971,75.66619
Libya,Female,1972,88.78687
Libya,Female,1973,99.92914
Libya,Female,1974,106.3821
Libya,Female,1975,109.40184
Libya,Female,1976,111.40769
Libya,Female,1977,110.05168
Libya,Female,1978,105.64174
Libya,Female,1979,110.43665
Libya,Female,1980,108.30018
Libya,Female,1981,107.62514
Libya,Female,1982,0
Libya,Female,1983,109.07656
Libya,Female,1984,0
Libya,Female,1985,0
Libya,Female,1986,105.53563
Libya,Female,1987,0
Libya,Female,1988,0
Libya,Female,1989,0
Libya,Female,1990,0
Libya,Female,1991,0
Libya,Female,1992,0
Libya,Female,1993,0
Libya,Female,1994,0
Libya,Female,1995,0
Libya,Female,1996,0
Libya,Female,1997,0
Libya,Female,1998,0
Libya,Female,1999,106.92603
Libya,Female,2000,0
Libya,Female,2001,104.52957
Libya,Female,2002,103.30911
Libya,Female,2003,101.61346
Libya,Female,2004,103.8996
Libya,Female,2005,101.4564
Libya,Female,2006,106.59642
Libya,Female,2007,0
Libya,Female,2008,0
Libya,Female,2009,0
Libya,Female,2010,0
Libya,Female,2011,0
Libya,Female,2012,0
Libya,Female,2013,0
Libya,Female,2014,0
Libya,Female,2015,0
Libya,Female,2016,0
Libya,Female,2017,0
Libya,Female,2018,0
Sri Lanka,Female,1970,96.49003
Sri Lanka,Female,1971,102.94816
Sri Lanka,Female,1972,0
Sri Lanka,Female,1973,0
Sri Lanka,Female,1974,0
Sri Lanka,Female,1975,79.06304
Sri Lanka,Female,1976,78.57155
Sri Lanka,Female,1977,83.27344
Sri Lanka,Female,1978,105.6303
Sri Lanka,Female,1979,0
Sri Lanka,Female,1980,116.22724
Sri Lanka,Female,1981,119.58255
Sri Lanka,Female,1982,119.80939
Sri Lanka,Female,1983,118.93133
Sri Lanka,Female,1984,118.71653
Sri Lanka,Female,1985,119.43796
Sri Lanka,Female,1986,121.01347
Sri Lanka,Female,1987,105.50741
Sri Lanka,Female,1988,107.0375
Sri Lanka,Female,1989,108.2132
Sri Lanka,Female,1990,107.94285
Sri Lanka,Female,1991,107.98252
Sri Lanka,Female,1992,106.08076
Sri Lanka,Female,1993,105.55213
Sri Lanka,Female,1994,105.06324
Sri Lanka,Female,1995,107.79348
Sri Lanka,Female,1996,103.73214
Sri Lanka,Female,1997,0
Sri Lanka,Female,1998,105.82817
Sri Lanka,Female,1999,0
Sri Lanka,Female,2000,0
Sri Lanka,Female,2001,106.93053
Sri Lanka,Female,2002,105.40116
Sri Lanka,Female,2003,102.49141
Sri Lanka,Female,2004,100.8334
Sri Lanka,Female,2005,99.28779
Sri Lanka,Female,2006,98.44568
Sri Lanka,Female,2007,97.69085
Sri Lanka,Female,2008,96.60648
Sri Lanka,Female,2009,94.04776
Sri Lanka,Female,2010,98.24813
Sri Lanka,Female,2011,97.51822
Sri Lanka,Female,2012,98.76951
Sri Lanka,Female,2013,99.42777
Sri Lanka,Female,2014,100.18917
Sri Lanka,Female,2015,100.57343
Sri Lanka,Female,2016,100.37505
Sri Lanka,Female,2017,99.90265
Sri Lanka,Female,2018,99.61806
Norway,Female,1970,0
Norway,Female,1971,108.8949
Norway,Female,1972,103.83684
Norway,Female,1973,100.5145
Norway,Female,1974,101.10749
Norway,Female,1975,101.51233
Norway,Female,1976,100.93736
Norway,Female,1977,100.91738
Norway,Female,1978,100.09641
Norway,Female,1979,99.65198
Norway,Female,1980,99.68362
Norway,Female,1981,99.49742
Norway,Female,1982,99.23882
Norway,Female,1983,98.35333
Norway,Female,1984,97.91159
Norway,Female,1985,96.83579
Norway,Female,1986,96.81255
Norway,Female,1987,97.67172
Norway,Female,1988,98.05527
Norway,Female,1989,99.09309
Norway,Female,1990,100.24413
Norway,Female,1991,100.32546
Norway,Female,1992,100.05721
Norway,Female,1993,99.2189
Norway,Female,1994,98.80464
Norway,Female,1995,98.42259
Norway,Female,1996,98.58086
Norway,Female,1997,84.43869
Norway,Female,1998,100.37191
Norway,Female,1999,100.66499
Norway,Female,2000,100.98357
Norway,Female,2001,100.95433
Norway,Female,2002,100.33012
Norway,Female,2003,100.02044
Norway,Female,2004,99.43913
Norway,Female,2005,98.66178
Norway,Female,2006,98.9296
Norway,Female,2007,99.1521
Norway,Female,2008,99.39836
Norway,Female,2009,99.31741
Norway,Female,2010,99.23571
Norway,Female,2011,99.50677
Norway,Female,2012,100.09844
Norway,Female,2013,100.17448
Norway,Female,2014,99.79021
Norway,Female,2015,99.76582
Norway,Female,2016,100.11042
Norway,Female,2017,100.21819
Norway,Female,2018,0
New Zealand,Female,1970,109.51926
New Zealand,Female,1971,107.57369
New Zealand,Female,1972,106.24733
New Zealand,Female,1973,104.93619
New Zealand,Female,1974,104.06057
New Zealand,Female,1975,105.49898
New Zealand,Female,1976,106.98157
New Zealand,Female,1977,107.90184
New Zealand,Female,1978,108.11869
New Zealand,Female,1979,107.58067
New Zealand,Female,1980,106.01189
New Zealand,Female,1981,103.49964
New Zealand,Female,1982,102.87406
New Zealand,Female,1983,102.21213
New Zealand,Female,1984,103.43119
New Zealand,Female,1985,104.37171
New Zealand,Female,1986,104.30796
New Zealand,Female,1987,105.09088
New Zealand,Female,1988,104.42001
New Zealand,Female,1989,103.49711
New Zealand,Female,1990,103.74187
New Zealand,Female,1991,102.02305
New Zealand,Female,1992,100.39098
New Zealand,Female,1993,99.84147
New Zealand,Female,1994,99.80685
New Zealand,Female,1995,101.36679
New Zealand,Female,1996,100.03069
New Zealand,Female,1997,101.10399
New Zealand,Female,1998,101.5773
New Zealand,Female,1999,100.43995
New Zealand,Female,2000,99.6308
New Zealand,Female,2001,97.49062
New Zealand,Female,2002,97.13856
New Zealand,Female,2003,98.1814
New Zealand,Female,2004,98.17049
New Zealand,Female,2005,99.29473
New Zealand,Female,2006,99.81092
New Zealand,Female,2007,100.46344
New Zealand,Female,2008,100.84891
New Zealand,Female,2009,101.14229
New Zealand,Female,2010,101.277
New Zealand,Female,2011,100.14609
New Zealand,Female,2012,98.70183
New Zealand,Female,2013,98.28005
New Zealand,Female,2014,97.79055
New Zealand,Female,2015,98.21236
New Zealand,Female,2016,99.20377
New Zealand,Female,2017,100.19743
New Zealand,Female,2018,0
Pakistan,Female,1970,0
Pakistan,Female,1971,26.93189
Pakistan,Female,1972,27.2975
Pakistan,Female,1973,30.0251
Pakistan,Female,1974,31.46306
Pakistan,Female,1975,31.97473
Pakistan,Female,1976,33.67024
Pakistan,Female,1977,33.5872
Pakistan,Female,1978,32.84909
Pakistan,Female,1979,32.58672
Pakistan,Female,1980,32.62164
Pakistan,Female,1981,33.75872
Pakistan,Female,1982,34.79239
Pakistan,Female,1983,35.68336
Pakistan,Female,1984,35.90174
Pakistan,Female,1985,37.38382
Pakistan,Female,1986,38.0559
Pakistan,Female,1987,39.26491
Pakistan,Female,1988,40.01456
Pakistan,Female,1989,39.85985
Pakistan,Female,1990,40.4436
Pakistan,Female,1991,0
Pakistan,Female,1992,0
Pakistan,Female,1993,0
Pakistan,Female,1994,0
Pakistan,Female,1995,0
Pakistan,Female,1996,0
Pakistan,Female,1997,0
Pakistan,Female,1998,0
Pakistan,Female,1999,0
Pakistan,Female,2000,57.06668
Pakistan,Female,2001,57.01294
Pakistan,Female,2002,57.13639
Pakistan,Female,2003,60.91778
Pakistan,Female,2004,64.91
Pakistan,Female,2005,70.34328
Pakistan,Female,2006,68.56943
Pakistan,Female,2007,75.29171
Pakistan,Female,2008,75.90518
Pakistan,Female,2009,77.07291
Pakistan,Female,2010,77.63804
Pakistan,Female,2011,74.51299
Pakistan,Female,2012,74.64866
Pakistan,Female,2013,73.89344
Pakistan,Female,2014,77.39932
Pakistan,Female,2015,78.25324
Pakistan,Female,2016,83.88247
Pakistan,Female,2017,83.70682
Pakistan,Female,2018,86.11134
Singapore,Female,1970,0
Singapore,Female,1971,0
Singapore,Female,1972,0
Singapore,Female,1973,0
Singapore,Female,1974,0
Singapore,Female,1975,0
Singapore,Female,1976,0
Singapore,Female,1977,0
Singapore,Female,1978,0
Singapore,Female,1979,0
Singapore,Female,1980,0
Singapore,Female,1981,0
Singapore,Female,1982,0
Singapore,Female,1983,0
Singapore,Female,1984,0
Singapore,Female,1985,0
Singapore,Female,1986,0
Singapore,Female,1987,0
Singapore,Female,1988,0
Singapore,Female,1989,0
Singapore,Female,1990,0
Singapore,Female,1991,0
Singapore,Female,1992,0
Singapore,Female,1993,0
Singapore,Female,1994,0
Singapore,Female,1995,0
Singapore,Female,1996,0
Singapore,Female,1997,0
Singapore,Female,1998,0
Singapore,Female,1999,0
Singapore,Female,2000,0
Singapore,Female,2001,0
Singapore,Female,2002,0
Singapore,Female,2003,0
Singapore,Female,2004,0
Singapore,Female,2005,0
Singapore,Female,2006,0
Singapore,Female,2007,0
Singapore,Female,2008,0
Singapore,Female,2009,0
Singapore,Female,2010,0
Singapore,Female,2011,0
Singapore,Female,2012,0
Singapore,Female,2013,0
Singapore,Female,2014,0
Singapore,Female,2015,0
Singapore,Female,2016,100.69286
Singapore,Female,2017,100.57172
Singapore,Female,2018,0
Sweden,Female,1970,0
Sweden,Female,1971,94.95933
Sweden,Female,1972,96.71553
Sweden,Female,1973,97.86961
Sweden,Female,1974,99.27928
Sweden,Female,1975,100.85034
Sweden,Female,1976,101.54925
Sweden,Female,1977,100.74478
Sweden,Female,1978,99.03973
Sweden,Female,1979,98.26392
Sweden,Female,1980,97.27787
Sweden,Female,1981,96.55186
Sweden,Female,1982,96.90768
Sweden,Female,1983,97.84365
Sweden,Female,1984,98.03949
Sweden,Female,1985,98.4505
Sweden,Female,1986,97.55821
Sweden,Female,1987,98.05597
Sweden,Female,1988,98.41473
Sweden,Female,1989,98.75798
Sweden,Female,1990,99.54328
Sweden,Female,1991,99.8375
Sweden,Female,1992,100.49358
Sweden,Female,1993,105.03564
Sweden,Female,1994,104.94942
Sweden,Female,1995,105.01047
Sweden,Female,1996,105.16163
Sweden,Female,1997,105.73973
Sweden,Female,1998,112.07185
Sweden,Female,1999,111.56732
Sweden,Female,2000,111.02194
Sweden,Female,2001,111.07645
Sweden,Female,2002,110.00252
Sweden,Female,2003,108.67284
Sweden,Female,2004,97.0805
Sweden,Female,2005,95.65748
Sweden,Female,2006,95.52782
Sweden,Female,2007,96.55985
Sweden,Female,2008,98.44897
Sweden,Female,2009,99.65077
Sweden,Female,2010,101.16406
Sweden,Female,2011,100.22249
Sweden,Female,2012,101.84269
Sweden,Female,2013,123.98248
Sweden,Female,2014,124.23183
Sweden,Female,2015,125.52125
Sweden,Female,2016,126.49916
Sweden,Female,2017,127.44611
Sweden,Female,2018,0
Syrian Arab Republic,Female,1970,0
Syrian Arab Republic,Female,1971,59.56499
Syrian Arab Republic,Female,1972,64.49097
Syrian Arab Republic,Female,1973,70.2155
Syrian Arab Republic,Female,1974,72.80402
Syrian Arab Republic,Female,1975,74.05574
Syrian Arab Republic,Female,1976,76.31651
Syrian Arab Republic,Female,1977,77.1718
Syrian Arab Republic,Female,1978,77.548
Syrian Arab Republic,Female,1979,78.37488
Syrian Arab Republic,Female,1980,81.55292
Syrian Arab Republic,Female,1981,83.3533
Syrian Arab Republic,Female,1982,86.10095
Syrian Arab Republic,Female,1983,87.44976
Syrian Arab Republic,Female,1984,90.59502
Syrian Arab Republic,Female,1985,93.18552
Syrian Arab Republic,Female,1986,95.95113
Syrian Arab Republic,Female,1987,99.58427
Syrian Arab Republic,Female,1988,99.29893
Syrian Arab Republic,Female,1989,100.2457
Syrian Arab Republic,Female,1990,99.85558
Syrian Arab Republic,Female,1991,101.27458
Syrian Arab Republic,Female,1992,102.52013
Syrian Arab Republic,Female,1993,102.07614
Syrian Arab Republic,Female,1994,102.27757
Syrian Arab Republic,Female,1995,101.77277
Syrian Arab Republic,Female,1996,101.31121
Syrian Arab Republic,Female,1997,100.82476
Syrian Arab Republic,Female,1998,100.76796
Syrian Arab Republic,Female,1999,101.46225
Syrian Arab Republic,Female,2000,103.04402
Syrian Arab Republic,Female,2001,105.81176
Syrian Arab Republic,Female,2002,108.23428
Syrian Arab Republic,Female,2003,118.68912
Syrian Arab Republic,Female,2004,118.59174
Syrian Arab Republic,Female,2005,118.6331
Syrian Arab Republic,Female,2006,116.26877
Syrian Arab Republic,Female,2007,114.52634
Syrian Arab Republic,Female,2008,113.85745
Syrian Arab Republic,Female,2009,113.13203
Syrian Arab Republic,Female,2010,114.71897
Syrian Arab Republic,Female,2011,119.51671
Syrian Arab Republic,Female,2012,126.0301
Syrian Arab Republic,Female,2013,80.203
Syrian Arab Republic,Female,2014,0
Syrian Arab Republic,Female,2015,0
Syrian Arab Republic,Female,2016,0
Syrian Arab Republic,Female,2017,0
Syrian Arab Republic,Female,2018,0
United States,Female,1970,0
United States,Female,1971,0
United States,Female,1972,0
United States,Female,1973,0
United States,Female,1974,0
United States,Female,1975,0
United States,Female,1976,0
United States,Female,1977,0
United States,Female,1978,0
United States,Female,1979,0
United States,Female,1980,0
United States,Female,1981,0
United States,Female,1982,0
United States,Female,1983,0
United States,Female,1984,0
United States,Female,1985,0
United States,Female,1986,0
United States,Female,1987,0
United States,Female,1988,0
United States,Female,1989,0
United States,Female,1990,0
United States,Female,1991,0
United States,Female,1992,0
United States,Female,1993,0
United States,Female,1994,0
United States,Female,1995,0
United States,Female,1996,0
United States,Female,1997,0
United States,Female,1998,0
United States,Female,1999,0
United States,Female,2000,0
United States,Female,2001,0
United States,Female,2002,0
United States,Female,2003,0
United States,Female,2004,0
United States,Female,2005,101.3106
United States,Female,2006,0
United States,Female,2007,0
United States,Female,2008,0
United States,Female,2009,0
United States,Female,2010,99.81811
United States,Female,2011,99.59456
United States,Female,2012,98.38959
United States,Female,2013,99.03338
United States,Female,2014,99.50208
United States,Female,2015,100.28726
United States,Female,2016,101.27641
United States,Female,2017,101.422
United States,Female,2018,0
