Country or Area,Subgroup,Year,Value
Afghanistan,Female,2005,152216
Afghanistan,Female,2004,96740
Afghanistan,Female,2003,99473
Afghanistan,Female,2001,-
Afghanistan,Male,2005,499237
Afghanistan,Male,2004,497566
Afghanistan,Male,2003,307422
Afghanistan,Male,2001,362415
Albania,Female,2004,190363
Albania,Female,2003,191295
Albania,Female,2002,180525
Albania,Female,2001,183877
Albania,Female,2000,177264
Albania,Female,1999,176045
Albania,Male,2004,206693
Albania,Male,2003,204844
Albania,Male,2002,202254
Albania,Male,2001,193321
Albania,Male,2000,186425
Albania,Male,1999,187457
Algeria,Female,2005,1905649
Algeria,Female,2004,1863415
Algeria,Female,2003,1793152
Algeria,Female,2002,1715721
Algeria,Male,2005,1850172
Algeria,Male,2004,1813692
Algeria,Male,2003,1755332
Algeria,Male,2002,1708487
Andorra,Female,2005,1879
Andorra,Female,2004,1622
Andorra,Female,2003,1604
Andorra,Female,2002,1574
Andorra,Male,2005,1858
Andorra,Male,2004,1628
Andorra,Male,2003,1590
Andorra,Male,2002,1558
Angola,Female,2001,182772
Angola,Female,2000,160963
Angola,Female,1999,136803
Angola,Male,2001,230923
Angola,Male,2000,194021
Angola,Male,1999,163677
Anguilla,Female,2005,517
Anguilla,Female,2004,550
Anguilla,Female,2003,558
Anguilla,Female,2002,552
Anguilla,Female,2001,559
Anguilla,Female,2000,557
Anguilla,Female,1999,517
Anguilla,Male,2005,507
Anguilla,Male,2004,526
Anguilla,Male,2003,542
Anguilla,Male,2002,521
Anguilla,Male,2001,537
Anguilla,Male,2000,542
Anguilla,Male,1999,463
Antigua and Barbuda,Female,2000,2651
Antigua and Barbuda,Male,2000,2625
Argentina,Female,2004,1788975
Argentina,Female,2003,1782804
Argentina,Female,2002,2015520
Argentina,Female,2001,2007901
Argentina,Female,2000,1950550
Argentina,Female,1999,1896924
Argentina,Male,2004,1727390
Argentina,Male,2003,1716377
Argentina,Male,2002,1960693
Argentina,Male,2001,1945776
Argentina,Male,2000,1881708
Argentina,Male,1999,1825525
Armenia,Female,2005,181263
Armenia,Female,2004,195223
Armenia,Female,2003,181720
Armenia,Female,2002,191796
Armenia,Female,2001,195066
Armenia,Female,2000,192213
Armenia,Male,2005,184137
Armenia,Male,2004,197352
Armenia,Male,2003,183275
Armenia,Male,2002,185920
Armenia,Male,2001,189099
Armenia,Male,2000,197429
Aruba,Female,2005,3611
Aruba,Female,2004,3525
Aruba,Female,2003,3543
Aruba,Female,2002,3479
Aruba,Female,2001,3282
Aruba,Female,2000,3120
Aruba,Female,1999,3134
Aruba,Male,2005,3505
Aruba,Male,2004,3448
Aruba,Male,2003,3326
Aruba,Male,2002,3278
Aruba,Male,2001,3146
Aruba,Male,2000,3058
Aruba,Male,1999,3025
Australia,Female,2005,1185171
Australia,Female,2004,1190189
Australia,Female,2003,1235670
Australia,Female,2002,1206809
Australia,Female,2001,1209601
Australia,Female,2000,1266000
Australia,Female,1999,1215766
Australia,Male,2005,1306286
Australia,Male,2004,1302046
Australia,Male,2003,1333121
Australia,Male,2002,1306861
Australia,Male,2001,1290075
Australia,Male,2000,1323474
Australia,Male,1999,1275638
Austria,Female,2005,371313
Austria,Female,2004,364880
Austria,Female,2003,362790
Austria,Female,2002,359120
Austria,Female,2001,357420
Austria,Female,2000,357194
Austria,Female,1999,355858
Austria,Male,2005,409979
Austria,Male,2004,405511
Austria,Male,2003,401636
Austria,Male,2002,396461
Austria,Male,2001,391715
Austria,Male,2000,391465
Austria,Male,1999,391823
Azerbaijan,Female,2005,512201
Azerbaijan,Female,2004,520947
Azerbaijan,Female,2003,524535
Azerbaijan,Female,2002,500117
Azerbaijan,Female,2001,490082
Azerbaijan,Female,2000,462238
Azerbaijan,Female,1999,453997
Azerbaijan,Male,2005,557779
Azerbaijan,Male,2004,564685
Azerbaijan,Male,2003,569852
Azerbaijan,Male,2002,540058
Azerbaijan,Male,2001,530049
Azerbaijan,Male,2000,483155
Azerbaijan,Male,1999,475068
Bahamas,Female,2005,15950
Bahamas,Female,2004,15312
Bahamas,Female,2003,15074
Bahamas,Female,2002,16182
Bahamas,Female,2001,13423
Bahamas,Female,2000,13135
Bahamas,Female,1999,13154
Bahamas,Male,2005,16139
Bahamas,Male,2004,15545
Bahamas,Male,2003,14911
Bahamas,Male,2002,15531
Bahamas,Male,2001,14337
Bahamas,Male,2000,13960
Bahamas,Male,1999,13460
Bahrain,Female,2005,35799
Bahrain,Female,2004,34743
Bahrain,Female,2003,33712
Bahrain,Female,2002,32671
Bahrain,Female,2001,31705
Bahrain,Female,2000,30919
Bahrain,Female,1999,29903
Bahrain,Male,2005,35846
Bahrain,Male,2004,34895
Bahrain,Male,2003,33448
Bahrain,Male,2002,31768
Bahrain,Male,2001,30516
Bahrain,Male,2000,30139
Bahrain,Male,1999,28901
Bangladesh,Female,2004,5133771
Bangladesh,Female,2003,5670931
Bangladesh,Female,2002,5659714
Bangladesh,Female,2001,5443809
Bangladesh,Female,2000,5131448
Bangladesh,Female,1999,4830465
Bangladesh,Male,2004,5220989
Bangladesh,Male,2003,5380303
Bangladesh,Male,2002,5364612
Bangladesh,Male,2001,5246933
Bangladesh,Male,2000,5197617
Bangladesh,Male,1999,5081853
Barbados,Female,2005,10570
Barbados,Female,2004,10576
Barbados,Female,2003,10418
Barbados,Female,2002,10316
Barbados,Female,2001,10311
Barbados,Female,2000,10562
Barbados,Female,1999,11061
Barbados,Male,2005,10848
Barbados,Male,2004,10724
Barbados,Male,2003,10529
Barbados,Male,2002,10556
Barbados,Male,2001,10555
Barbados,Male,2000,10454
Barbados,Male,1999,10780
Belarus,Female,2005,455967
Belarus,Female,2004,476200
Belarus,Female,2003,494484
Belarus,Female,2002,488377
Belarus,Female,2001,494939
Belarus,Female,2000,499342
Belarus,Female,1999,491132
Belarus,Male,2005,472521
Belarus,Male,2004,493568
Belarus,Male,2003,503276
Belarus,Male,2002,493853
Belarus,Male,2001,497455
Belarus,Male,2000,502415
Belarus,Male,1999,487364
Belgium,Female,2005,391138
Belgium,Female,2004,387031
Belgium,Female,2003,605519
Belgium,Female,2002,593536
Belgium,Female,2001,578670
Belgium,Female,2000,541800
Belgium,Female,1999,523256
Belgium,Male,2005,423401
Belgium,Male,2004,418747
Belgium,Male,2003,575808
Belgium,Male,2002,555793
Belgium,Male,2001,546586
Belgium,Male,2000,515736
Belgium,Male,1999,510228
Belize,Female,2005,15591
Belize,Female,2004,15702
Belize,Female,2003,14109
Belize,Female,2002,12888
Belize,Female,2001,12401
Belize,Female,2000,11820
Belize,Female,1999,11097
Belize,Male,2005,15786
Belize,Male,2004,15522
Belize,Male,2003,13771
Belize,Male,2002,12716
Belize,Male,2001,11994
Belize,Male,2000,11415
Belize,Male,1999,10562
Benin,Female,2005,154266
Benin,Female,2004,109184
Benin,Female,2003,98433
Benin,Female,2002,91345
Benin,Female,2001,81662
Benin,Female,2000,71442
Benin,Female,1999,66945
Benin,Male,2005,281183
Benin,Male,2004,235706
Benin,Male,2003,213994
Benin,Male,2002,195947
Benin,Male,2001,175082
Benin,Male,2000,157786
Benin,Male,1999,146529
Bermuda,Female,2005,2494
Bermuda,Female,2004,2549
Bermuda,Female,2003,2444
Bermuda,Female,2002,2350
Bermuda,Female,2001,2334
Bermuda,Male,2005,2262
Bermuda,Male,2004,2254
Bermuda,Male,2003,2216
Bermuda,Male,2002,2215
Bermuda,Male,2001,2232
Bhutan,Female,2005,19870
Bhutan,Female,2002,13258
Bhutan,Female,2001,11964
Bhutan,Female,2000,10423
Bhutan,Female,1999,8885
Bhutan,Male,2005,22274
Bhutan,Male,2002,15936
Bhutan,Male,2001,14347
Bhutan,Male,2000,12878
Bhutan,Male,1999,11238
Bolivia,Female,2003,507903
Bolivia,Female,2002,481680
Bolivia,Female,2001,447647
Bolivia,Female,2000,422972
Bolivia,Female,1999,394905
Bolivia,Male,2003,540978
Bolivia,Male,2002,514897
Bolivia,Male,2001,478543
Bolivia,Male,2000,453869
Bolivia,Male,1999,434854
Botswana,Female,2005,84214
Botswana,Female,2004,86559
Botswana,Female,2003,85785
Botswana,Female,2002,84909
Botswana,Female,2001,83281
Botswana,Female,2000,83057
Botswana,Female,1999,81132
Botswana,Male,2005,81163
Botswana,Male,2004,83168
Botswana,Male,2003,81130
Botswana,Male,2002,81091
Botswana,Male,2001,80073
Botswana,Male,2000,79606
Botswana,Male,1999,76583
Brazil,Female,2004,12964314
Brazil,Female,2003,12726010
Brazil,Female,2002,13811953
Brazil,Female,2001,13642601
Brazil,Female,2000,13475477
Brazil,Female,1999,12943725
Brazil,Male,2004,12163189
Brazil,Male,2003,11866559
Brazil,Male,2002,12977257
Brazil,Male,2001,12798647
Brazil,Male,2000,12621393
Brazil,Male,1999,12039174
British Virgin Islands,Female,2005,1020
British Virgin Islands,Female,2004,890
British Virgin Islands,Female,2003,877
British Virgin Islands,Female,2002,804
British Virgin Islands,Female,2001,796
British Virgin Islands,Female,2000,776
British Virgin Islands,Female,1999,707
British Virgin Islands,Male,2005,862
British Virgin Islands,Male,2004,817
British Virgin Islands,Male,2003,756
British Virgin Islands,Male,2002,789
British Virgin Islands,Male,2001,766
British Virgin Islands,Male,2000,767
British Virgin Islands,Male,1999,804
Brunei,Female,2005,21434
Brunei,Female,2004,20676
Brunei,Female,2003,19726
Brunei,Female,2002,19051
Brunei,Female,2001,18345
Brunei,Female,2000,17572
Brunei,Female,1999,17472
Brunei,Male,2005,22466
Brunei,Male,2004,21491
Brunei,Male,2003,20296
Brunei,Male,2002,19641
Brunei,Male,2001,18641
Brunei,Male,2000,17637
Brunei,Male,1999,16954
Bulgaria,Female,2005,326734
Bulgaria,Female,2004,336281
Bulgaria,Female,2003,340145
Bulgaria,Female,2002,333735
Bulgaria,Female,2001,335009
Bulgaria,Female,2000,335110
Bulgaria,Female,1999,337487
Bulgaria,Male,2005,358906
Bulgaria,Male,2004,368397
Bulgaria,Male,2003,367106
Bulgaria,Male,2002,359554
Bulgaria,Male,2001,360465
Bulgaria,Male,2000,360963
Bulgaria,Male,1999,362470
Burkina Faso,Female,2005,120331
Burkina Faso,Female,2004,107200
Burkina Faso,Female,2003,94598
Burkina Faso,Female,2002,80201
Burkina Faso,Female,2001,78027
Burkina Faso,Female,2000,73887
Burkina Faso,Female,1999,65018
Burkina Faso,Male,2005,175081
Burkina Faso,Male,2004,158308
Burkina Faso,Male,2003,142316
Burkina Faso,Male,2002,124646
Burkina Faso,Male,2001,121251
Burkina Faso,Male,2000,115802
Burkina Faso,Male,1999,108187
Burundi,Female,2005,74001
Burundi,Female,2004,65523
Burundi,Female,2003,56263
Burundi,Male,2005,99716
Burundi,Male,2004,86728
Burundi,Male,2003,72941
Cambodia,Female,2004,253999
Cambodia,Female,2003,215017
Cambodia,Female,2002,175856
Cambodia,Female,2001,141461
Cambodia,Female,2000,122613
Cambodia,Female,1999,109272
Cambodia,Male,2004,377509
Cambodia,Male,2003,345180
Cambodia,Male,2002,299781
Cambodia,Male,2001,255415
Cambodia,Male,2000,228744
Cambodia,Male,1999,208829
Cameroon,Female,2005,528734
Cameroon,Female,2004,475323
Cameroon,Female,2003,416479
Cameroon,Female,2002,396511
Cameroon,Female,2001,373747
Cameroon,Female,1999,281724
Cameroon,Male,2005,668771
Cameroon,Male,2004,685634
Cameroon,Male,2003,603479
Cameroon,Male,2002,535690
Cameroon,Male,2001,474469
Cameroon,Male,1999,344329
Canada,Female,2004,1441508
Canada,Female,2002,1316517
Canada,Female,2000,1274114
Canada,Male,2004,1557736
Canada,Male,2002,1392508
Canada,Male,2000,1347343
Cape Verde,Female,2005,26719
Cape Verde,Female,2004,25980
Cape Verde,Female,2003,25736
Cape Verde,Female,2002,24481
Cape Verde,Female,2001,23402
Cape Verde,Male,2005,24953
Cape Verde,Male,2004,23810
Cape Verde,Male,2003,23786
Cape Verde,Male,2002,23574
Cape Verde,Male,2001,22552
Cayman Islands,Female,2005,1349
Cayman Islands,Female,2004,1373
Cayman Islands,Female,2002,1181
Cayman Islands,Female,2001,1132
Cayman Islands,Female,2000,1153
Cayman Islands,Female,1999,1041
Cayman Islands,Male,2005,1475
Cayman Islands,Male,2004,1328
Cayman Islands,Male,2002,1160
Cayman Islands,Male,2001,1205
Cayman Islands,Male,2000,1189
Cayman Islands,Male,1999,1110
Chad,Female,2005,58597
Chad,Female,2004,56408
Chad,Female,2003,51567
Chad,Female,2002,45982
Chad,Female,2001,31390
Chad,Female,2000,30338
Chad,Female,1999,25530
Chad,Male,2005,178157
Chad,Male,2004,171448
Chad,Male,2003,161065
Chad,Male,2002,139014
Chad,Male,2001,110641
Chad,Male,2000,106931
Chad,Male,1999,97878
Chile,Female,2005,806280
Chile,Female,2004,789503
Chile,Female,2003,770414
Chile,Female,2002,742407
Chile,Female,2000,691798
Chile,Female,1999,654039
Chile,Male,2005,823819
Chile,Male,2004,805463
Chile,Male,2003,786706
Chile,Male,2002,754530
Chile,Male,2000,699485
Chile,Male,1999,650640
China,Female,2005,47803801
China,Female,2004,46880699
China,Female,2003,44795617
China,Female,2001,40451399
China,Male,2005,52828124
China,Male,2004,51882104
China,Male,2003,50829144
China,Male,2001,46065312
Colombia,Female,2005,2215876
Colombia,Female,2004,2092086
Colombia,Female,2003,1953681
Colombia,Female,2002,1920661
Colombia,Female,2001,1742298
Colombia,Female,2000,1838765
Colombia,Female,1999,1856454
Colombia,Male,2005,2081352
Colombia,Male,2004,1958439
Colombia,Male,2003,1835310
Colombia,Male,2002,1802687
Colombia,Male,2001,1635656
Colombia,Male,2000,1730124
Colombia,Male,1999,1732971
Comoros,Female,2005,18428
Comoros,Female,2004,18254
Comoros,Female,2003,17193
Comoros,Female,2002,15338
Comoros,Female,2000,12515
Comoros,Female,1999,12731
Comoros,Male,2005,24921
Comoros,Male,2004,24665
Comoros,Male,2003,21079
Comoros,Male,2002,18536
Comoros,Male,2000,15607
Comoros,Male,1999,15987
Congo,Female,2004,107145
Congo,Female,2003,82638
Congo,Female,2002,82173
Congo,Female,2000,70921
Congo,Male,2004,128149
Congo,Male,2003,121458
Congo,Male,2002,111928
Congo,Male,2000,102059
Congo Dem. Rep.,Female,2003,606895
Congo Dem. Rep.,Female,2002,591465
Congo Dem. Rep.,Female,2000,430034
Congo Dem. Rep.,Female,1999,423320
Congo Dem. Rep.,Male,2003,1048128
Congo Dem. Rep.,Male,2002,1021375
Congo Dem. Rep.,Male,2000,823012
Congo Dem. Rep.,Male,1999,811208
Cook Islands,Female,2004,924
Cook Islands,Female,2003,920
Cook Islands,Female,2002,922
Cook Islands,Female,2001,909
Cook Islands,Female,2000,862
Cook Islands,Female,1999,876
Cook Islands,Male,2004,977
Cook Islands,Male,2003,971
Cook Islands,Male,2002,959
Cook Islands,Male,2001,895
Cook Islands,Male,2000,842
Cook Islands,Male,1999,875
Costa Rica,Female,2005,173715
Costa Rica,Female,2004,170004
Costa Rica,Female,2003,154397
Costa Rica,Female,2002,145824
Costa Rica,Female,2001,141573
Costa Rica,Female,2000,129889
Costa Rica,Female,1999,119982
Costa Rica,Male,2005,173529
Costa Rica,Male,2004,169759
Costa Rica,Male,2003,151543
Costa Rica,Male,2002,143141
Costa Rica,Male,2001,138768
Costa Rica,Male,2000,125754
Costa Rica,Male,1999,115443
Côte d’Ivoire,Female,2002,262446
Côte d’Ivoire,Female,2001,235590
Côte d’Ivoire,Female,2000,217503
Côte d’Ivoire,Female,1999,206556
Côte d’Ivoire,Male,2002,474203
Côte d’Ivoire,Male,2001,428046
Côte d’Ivoire,Male,2000,402466
Côte d’Ivoire,Male,1999,384993
Croatia,Female,2003,197231
Croatia,Female,2002,198511
Croatia,Female,2001,200088
Croatia,Female,2000,202782
Croatia,Female,1999,205428
Croatia,Male,2003,202614
Croatia,Male,2002,203410
Croatia,Male,2001,205076
Croatia,Male,2000,207625
Croatia,Male,1999,210960
Cuba,Female,2005,460195
Cuba,Female,2004,457991
Cuba,Female,2003,453140
Cuba,Female,2002,434840
Cuba,Female,2001,418406
Cuba,Female,2000,394301
Cuba,Female,1999,372462
Cuba,Male,2005,477298
Cuba,Male,2004,474347
Cuba,Male,2003,484907
Cuba,Male,2002,460902
Cuba,Male,2001,418236
Cuba,Male,2000,395626
Cuba,Male,1999,367518
Cyprus,Female,2005,31628
Cyprus,Female,2004,31758
Cyprus,Female,2003,31661
Cyprus,Female,2002,31298
Cyprus,Female,2001,31465
Cyprus,Female,2000,31392
Cyprus,Female,1999,31201
Cyprus,Male,2005,32665
Cyprus,Male,2004,32776
Cyprus,Male,2003,33050
Cyprus,Male,2002,32573
Cyprus,Male,2001,32600
Cyprus,Male,2000,31662
Cyprus,Male,1999,31849
Czech Republic,Female,2005,479760
Czech Republic,Female,2004,482736
Czech Republic,Female,2003,494871
Czech Republic,Female,2002,494367
Czech Republic,Female,2001,497863
Czech Republic,Female,2000,471932
Czech Republic,Female,1999,463008
Czech Republic,Male,2005,495524
Czech Republic,Male,2004,499472
Czech Republic,Male,2003,505622
Czech Republic,Male,2002,504241
Czech Republic,Male,2001,506267
Czech Republic,Male,2000,485831
Czech Republic,Male,1999,465459
Denmark,Female,2005,230059
Denmark,Female,2004,224118
Denmark,Female,2003,223759
Denmark,Female,2002,217468
Denmark,Female,2001,221236
Denmark,Female,2000,213346
Denmark,Female,1999,212566
Denmark,Male,2005,234893
Denmark,Male,2004,225632
Denmark,Male,2003,223104
Denmark,Male,2002,217049
Denmark,Male,2001,220287
Denmark,Male,2000,212803
Denmark,Male,1999,209833
Djibouti,Female,2005,11909
Djibouti,Female,2004,10728
Djibouti,Female,2003,9239
Djibouti,Female,2002,7779
Djibouti,Female,2001,7158
Djibouti,Female,2000,6213
Djibouti,Female,1999,6447
Djibouti,Male,2005,18233
Djibouti,Male,2004,15821
Djibouti,Male,2003,14257
Djibouti,Male,2002,12737
Djibouti,Male,2001,11650
Djibouti,Male,2000,9599
Djibouti,Male,1999,9064
Dominica,Female,2005,3739
Dominica,Female,2004,3770
Dominica,Female,2003,3991
Dominica,Female,2002,3911
Dominica,Female,2001,3890
Dominica,Female,2000,3925
Dominica,Female,1999,4031
Dominica,Male,2005,3737
Dominica,Male,2004,3707
Dominica,Male,2003,3733
Dominica,Male,2002,3589
Dominica,Male,2001,3566
Dominica,Male,2000,3504
Dominica,Male,1999,3095
Dominican Republic,Female,2005,436088
Dominican Republic,Female,2004,424860
Dominican Republic,Female,2003,408818
Dominican Republic,Female,2002,411750
Dominican Republic,Female,2001,408830
Dominican Republic,Female,2000,357847
Dominican Republic,Female,1999,335883
Dominican Republic,Male,2005,372264
Dominican Republic,Male,2004,357830
Dominican Republic,Male,2003,343278
Dominican Republic,Male,2002,346040
Dominican Republic,Male,2001,343658
Dominican Republic,Male,2000,295711
Dominican Republic,Male,1999,274636
Ecuador,Female,2005,492271
Ecuador,Female,2004,490836
Ecuador,Female,2003,482792
Ecuador,Female,2002,477266
Ecuador,Female,2001,465685
Ecuador,Female,2000,455413
Ecuador,Female,1999,450970
Ecuador,Male,2005,507442
Ecuador,Male,2004,505699
Ecuador,Male,2003,489985
Ecuador,Male,2002,489096
Ecuador,Male,2001,470721
Ecuador,Male,2000,461832
Ecuador,Male,1999,452599
Egypt,Female,2005,3847158
Egypt,Female,2004,3947348
Egypt,Female,2003,3965401
Egypt,Female,2002,3936410
Egypt,Female,2001,3934216
Egypt,Female,2000,3777480
Egypt,Female,1999,3585835
Egypt,Male,2005,4330162
Egypt,Male,2004,4382474
Egypt,Male,2003,4418664
Egypt,Male,2002,4423906
Egypt,Male,2001,4389381
Egypt,Male,2000,4250690
Egypt,Male,1999,4085196
El Salvador,Female,2005,262054
El Salvador,Female,2004,259562
El Salvador,Female,2003,243634
El Salvador,Female,2002,228566
El Salvador,Female,2001,215660
El Salvador,Female,2000,207035
El Salvador,Female,1999,198091
El Salvador,Male,2005,262148
El Salvador,Male,2004,260770
El Salvador,Male,2003,244881
El Salvador,Male,2002,232649
El Salvador,Male,2001,219911
El Salvador,Male,2000,213924
El Salvador,Male,1999,207907
Equatorial Guinea,Female,2002,7710
Equatorial Guinea,Female,2000,7770
Equatorial Guinea,Female,1999,5413
Equatorial Guinea,Male,2002,13463
Equatorial Guinea,Male,2000,12909
Equatorial Guinea,Male,1999,14643
Eritrea,Female,2005,80712
Eritrea,Female,2004,70175
Eritrea,Female,2003,63293
Eritrea,Female,2002,60071
Eritrea,Female,2001,59059
Eritrea,Female,2000,55626
Eritrea,Female,1999,47183
Eritrea,Male,2005,136232
Eritrea,Male,2004,123949
Eritrea,Male,2003,97980
Eritrea,Male,2002,92652
Eritrea,Male,2001,83065
Eritrea,Male,2000,79583
Eritrea,Male,1999,68210
Estonia,Female,2005,61168
Estonia,Female,2004,61403
Estonia,Female,2003,61196
Estonia,Female,2002,60903
Estonia,Female,2001,58931
Estonia,Female,2000,58096
Estonia,Female,1999,58035
Estonia,Male,2005,63325
Estonia,Male,2004,62979
Estonia,Male,2003,61878
Estonia,Male,2002,62366
Estonia,Male,2001,60049
Estonia,Male,2000,58369
Estonia,Male,1999,57850
Ethiopia,Female,2005,1757263
Ethiopia,Female,2004,1484738
Ethiopia,Female,2003,1281435
Ethiopia,Female,2002,1176459
Ethiopia,Female,2001,1021496
Ethiopia,Female,2000,821634
Ethiopia,Female,1999,710235
Ethiopia,Male,2005,2731644
Ethiopia,Male,2004,2435729
Ethiopia,Male,2003,2182151
Ethiopia,Male,2002,1956898
Ethiopia,Male,2001,1671385
Ethiopia,Male,2000,1345961
Ethiopia,Male,1999,1149171
Federated States of Micronesia,Female,2005,6724
Federated States of Micronesia,Female,2004,6588
Federated States of Micronesia,Male,2005,6910
Federated States of Micronesia,Male,2004,6918
Fiji,Female,2005,51007
Fiji,Female,2004,51145
Fiji,Female,2003,49866
Fiji,Female,2002,49280
Fiji,Female,2001,48476
Fiji,Female,2000,49633
Fiji,Female,1999,50290
Fiji,Male,2005,50734
Fiji,Male,2004,50878
Fiji,Male,2003,49344
Fiji,Male,2002,48416
Fiji,Male,2001,47955
Fiji,Male,2000,48207
Fiji,Male,1999,48000
Finland,Female,2005,215363
Finland,Female,2004,213173
Finland,Female,2003,255526
Finland,Female,2002,254088
Finland,Female,2001,253505
Finland,Female,2000,250613
Finland,Female,1999,244825
Finland,Male,2005,215233
Finland,Male,2004,212793
Finland,Male,2003,241308
Finland,Male,2002,238669
Finland,Male,2001,239682
Finland,Male,2000,239841
Finland,Male,1999,235057
France,Female,2005,2955069
France,Female,2004,2855175
France,Female,2003,2877806
France,Female,2002,2868473
France,Female,2001,2879761
France,Female,2000,2900840
France,Female,1999,2910520
France,Male,2005,3081123
France,Male,2004,2971673
France,Male,2003,2981321
France,Male,2002,2983057
France,Male,2001,2996286
France,Male,2000,3027905
France,Male,1999,3044975
Gabon,Female,2000,41501
Gabon,Female,1999,40097
Gabon,Male,2000,48071
Gabon,Male,1999,46446
Gambia The,Female,2004,38199
Gambia The,Female,2003,33600
Gambia The,Female,2002,32305
Gambia The,Female,2001,23485
Gambia The,Female,2000,21611
Gambia The,Female,1999,19803
Gambia The,Male,2004,46569
Gambia The,Male,2003,40540
Gambia The,Male,2002,43034
Gambia The,Male,2001,33270
Gambia The,Male,2000,31740
Gambia The,Male,1999,30548
Georgia,Female,2005,155167
Georgia,Female,2004,155763
Georgia,Female,2003,220130
Georgia,Female,2002,219307
Georgia,Female,2001,218576
Georgia,Female,2000,215273
Georgia,Female,1999,214352
Georgia,Male,2005,160261
Georgia,Male,2004,164003
Georgia,Male,2003,230215
Georgia,Male,2002,228074
Georgia,Male,2001,226398
Georgia,Male,2000,225876
Georgia,Male,1999,225919
Germany,Female,2005,3984597
Germany,Female,2004,4043861
Germany,Female,2003,4075865
Germany,Female,2002,4092629
Germany,Female,2001,4056663
Germany,Female,2000,4016835
Germany,Female,1999,3948598
Germany,Male,2005,4283039
Germany,Male,2004,4338069
Germany,Male,2003,4370694
Germany,Male,2002,4372521
Germany,Male,2001,4330862
Germany,Male,2000,4290442
Germany,Male,1999,4236548
Ghana,Female,2005,607980
Ghana,Female,2004,568279
Ghana,Female,2003,527365
Ghana,Female,2002,497045
Ghana,Female,2001,460011
Ghana,Female,2000,464860
Ghana,Female,1999,446898
Ghana,Male,2005,742430
Ghana,Male,2004,708391
Ghana,Male,2003,643399
Ghana,Male,2002,610202
Ghana,Male,2001,569247
Ghana,Male,2000,591756
Ghana,Male,1999,577237
Gibraltar,Female,2001,761
Gibraltar,Female,2000,708
Gibraltar,Female,1999,650
Gibraltar,Male,2001,789
Gibraltar,Male,2000,763
Gibraltar,Male,1999,720
Greece,Female,2005,341452
Greece,Female,2004,335888
Greece,Female,2003,346406
Greece,Female,2001,365144
Greece,Female,2000,364800
Greece,Female,1999,377222
Greece,Male,2005,374085
Greece,Male,2004,359950
Greece,Male,2003,367444
Greece,Male,2001,378318
Greece,Male,2000,373944
Greece,Male,1999,393661
Grenada,Female,2005,6845
Grenada,Female,2004,7027
Grenada,Female,2003,7273
Grenada,Female,2002,7649
Grenada,Male,2005,6830
Grenada,Male,2004,6633
Grenada,Male,2003,7587
Grenada,Male,2002,6818
Guatemala,Female,2005,358880
Guatemala,Female,2004,331009
Guatemala,Female,2003,308608
Guatemala,Female,2002,286206
Guatemala,Female,2001,258239
Guatemala,Female,2000,236082
Guatemala,Female,1999,197825
Guatemala,Male,2005,395616
Guatemala,Male,2004,367552
Guatemala,Male,2003,344884
Guatemala,Male,2002,322214
Guatemala,Male,2001,289674
Guatemala,Male,2000,267802
Guatemala,Male,1999,237087
Guinea,Female,2005,141379
Guinea,Female,2004,109171
Guinea,Female,2003,96309
Guinea,Female,2002,81224
Guinea,Female,2001,67627
Guinea,Female,2000,54179
Guinea,Female,1999,44736
Guinea,Male,2005,282100
Guinea,Male,2004,239609
Guinea,Male,2003,214173
Guinea,Male,2002,197949
Guinea,Male,2001,172940
Guinea,Male,2000,148908
Guinea,Male,1999,127198
Guinea-Bissau,Female,2001,9410
Guinea-Bissau,Female,2000,9121
Guinea-Bissau,Male,2001,17133
Guinea-Bissau,Male,2000,16615
Guyana,Female,2005,35298
Guyana,Female,2004,35031
Guyana,Female,2002,34803
Guyana,Female,2001,36235
Guyana,Female,2000,34781
Guyana,Female,1999,33157
Guyana,Male,2005,35317
Guyana,Male,2004,33948
Guyana,Male,2002,34456
Guyana,Male,2001,35793
Guyana,Male,2000,34808
Guyana,Male,1999,33338
Honduras,Female,2005,308511
Honduras,Female,2004,302710
Honduras,Male,2005,257024
Honduras,Male,2004,252100
Hong Kong SAR,Female,2005,243873
Hong Kong SAR,Female,2004,240955
Hong Kong SAR,Female,2003,237755
Hong Kong SAR,Female,2002,237013
Hong Kong SAR,Female,2001,237489
Hong Kong SAR,Male,2005,254481
Hong Kong SAR,Male,2004,251824
Hong Kong SAR,Male,2003,249463
Hong Kong SAR,Male,2002,251524
Hong Kong SAR,Male,2001,252550
Hungary,Female,2005,467612
Hungary,Female,2004,469288
Hungary,Female,2003,504479
Hungary,Female,2002,497765
Hungary,Female,2001,494714
Hungary,Female,2000,492017
Hungary,Female,1999,496030
Hungary,Male,2005,492603
Hungary,Male,2004,493954
Hungary,Male,2003,525500
Hungary,Male,2002,515706
Hungary,Male,2001,512762
Hungary,Male,2000,509838
Hungary,Male,1999,510516
Iceland,Female,2005,16285
Iceland,Female,2004,16201
Iceland,Female,2003,17449
Iceland,Female,2002,16843
Iceland,Female,2001,16221
Iceland,Female,2000,16285
Iceland,Female,1999,16366
Iceland,Male,2005,16603
Iceland,Male,2004,16499
Iceland,Male,2003,17138
Iceland,Male,2002,16643
Iceland,Male,2001,15965
Iceland,Male,2000,15848
Iceland,Male,1999,16114
India,Female,2005,38383177
India,Female,2004,35898028
India,Female,2003,34495057
India,Female,2002,30984955
India,Female,2001,28803282
India,Female,2000,28113035
India,Female,1999,26386714
India,Male,2005,51078616
India,Male,2004,47960240
India,Male,2003,46555072
India,Male,2002,45230728
India,Male,2001,43589444
India,Male,2000,42917480
India,Male,1999,40703176
Indonesia,Female,2005,7830661
Indonesia,Female,2004,8024986
Indonesia,Female,2003,7772885
Indonesia,Female,2002,7416333
Indonesia,Female,2001,7233748
Indonesia,Female,2000,6856852
Indonesia,Male,2005,8162526
Indonesia,Male,2004,8328947
Indonesia,Male,2003,8099650
Indonesia,Male,2002,7724380
Indonesia,Male,2001,7594337
Indonesia,Male,2000,7407060
Iran,Female,2005,4688860
Iran,Female,2004,4856814
Iran,Female,2003,4734784
Iran,Female,2002,4712296
Iran,Female,2001,4702432
Iran,Female,2000,4703729
Iran,Female,1999,4568672
Iran,Male,2005,5253341
Iran,Male,2004,5455747
Iran,Male,2003,5289321
Iran,Male,2002,5204076
Iran,Male,2001,5231039
Iran,Male,2000,5251038
Iran,Male,1999,5158276
Iraq,Female,2005,681716
Iraq,Female,2004,663938
Iraq,Female,2003,597877
Iraq,Female,2002,474361
Iraq,Female,2001,460598
Iraq,Female,2000,453232
Iraq,Female,1999,415384
Iraq,Male,2005,1069448
Iraq,Male,2004,1042296
Iraq,Male,2003,879739
Iraq,Male,2002,820034
Iraq,Male,2001,796508
Iraq,Male,2000,771021
Iraq,Male,1999,689644
Ireland,Female,2005,161751
Ireland,Female,2004,162416
Ireland,Female,2003,163113
Ireland,Female,2002,164606
Ireland,Female,2001,166752
Ireland,Female,2000,171287
Ireland,Female,1999,173901
Ireland,Male,2005,155586
Ireland,Male,2004,158144
Ireland,Male,2003,157507
Ireland,Male,2002,158437
Ireland,Male,2001,161672
Ireland,Male,2000,166960
Ireland,Male,1999,172415
Israel,Female,2005,297017
Israel,Female,2004,296076
Israel,Female,2003,291525
Israel,Female,2002,293850
Israel,Female,2001,288794
Israel,Female,2000,286518
Israel,Female,1999,276280
Israel,Male,2005,313324
Israel,Male,2004,311148
Israel,Male,2003,311796
Israel,Male,2002,312291
Israel,Male,2001,305416
Israel,Male,2000,301145
Israel,Male,1999,293128
Italy,Female,2005,2183211
Italy,Female,2004,2184725
Italy,Female,2003,2194396
Italy,Female,2002,2159504
Italy,Female,2001,2153305
Italy,Female,1999,2163240
Italy,Male,2005,2324197
Italy,Male,2004,2320974
Italy,Male,2003,2333904
Italy,Male,2002,2356298
Italy,Male,2001,2320057
Italy,Male,1999,2286772
Jamaica,Female,2005,123317
Jamaica,Female,2004,122456
Jamaica,Female,2003,115062
Jamaica,Female,2002,115078
Jamaica,Female,2001,115069
Jamaica,Female,2000,115663
Jamaica,Female,1999,116179
Jamaica,Male,2005,123015
Jamaica,Male,2004,123077
Jamaica,Male,2003,114639
Jamaica,Male,2002,113238
Jamaica,Male,2001,112634
Jamaica,Male,2000,113101
Jamaica,Male,1999,114998
Japan,Female,2005,3765041
Japan,Female,2004,3858180
Japan,Female,2003,3978217
Japan,Female,2002,4112779
Japan,Female,2001,4220839
Japan,Female,2000,4310967
Japan,Female,1999,4400282
Japan,Male,2005,3945398
Japan,Male,2004,4036276
Japan,Male,2003,4153000
Japan,Male,2002,4281271
Japan,Male,2001,4384973
Japan,Male,2000,4471147
Japan,Male,1999,4558417
Jordan,Female,2005,308094
Jordan,Female,2004,302663
Jordan,Female,2003,302574
Jordan,Female,2002,299545
Jordan,Female,2000,289116
Jordan,Female,1999,286424
Jordan,Male,2005,317588
Jordan,Male,2004,313068
Jordan,Male,2003,310546
Jordan,Male,2002,307070
Jordan,Male,2000,294419
Jordan,Male,1999,293021
Kazakhstan,Female,2005,989958
Kazakhstan,Female,2004,1015852
Kazakhstan,Female,2003,1017675
Kazakhstan,Female,2002,983360
Kazakhstan,Female,2001,988181
Kazakhstan,Female,2000,992982
Kazakhstan,Female,1999,967604
Kazakhstan,Male,2005,1049953
Kazakhstan,Male,2004,1074300
Kazakhstan,Male,2003,1049493
Kazakhstan,Male,2002,1036461
Kazakhstan,Male,2001,1043494
Kazakhstan,Male,2000,1009898
Kazakhstan,Male,1999,998867
Kenya,Female,2005,1197052
Kenya,Female,2004,1164040
Kenya,Female,2003,1107354
Kenya,Female,2002,1004225
Kenya,Female,2000,926399
Kenya,Female,1999,886875
Kenya,Male,2005,1266990
Kenya,Male,2004,1255816
Kenya,Male,2003,1089982
Kenya,Male,2002,1059184
Kenya,Male,2000,982304
Kenya,Male,1999,935286
Kiribati,Female,2005,5856
Kiribati,Female,2004,6119
Kiribati,Female,2003,6017
Kiribati,Female,2002,5425
Kiribati,Female,2001,6007
Kiribati,Female,2000,7116
Kiribati,Female,1999,4941
Kiribati,Male,2005,5475
Kiribati,Male,2004,5462
Kiribati,Male,2003,5355
Kiribati,Male,2002,4909
Kiribati,Male,2001,4579
Kiribati,Male,2000,4522
Kiribati,Male,1999,4329
Korea Rep,Female,2005,1742896
Korea Rep,Female,2004,1726377
Korea Rep,Female,2003,1738561
Korea Rep,Female,2002,1798175
Korea Rep,Female,2001,1894186
Korea Rep,Female,2000,2001637
Korea Rep,Female,1999,2103237
Korea Rep,Male,2005,1949617
Korea Rep,Male,2004,1919240
Korea Rep,Male,2003,1923198
Korea Rep,Male,2002,1969865
Korea Rep,Male,2001,2064516
Korea Rep,Male,2000,2175143
Korea Rep,Male,1999,2264446
Kuwait,Female,2005,123819
Kuwait,Female,2004,133418
Kuwait,Female,2003,129519
Kuwait,Female,2002,121156
Kuwait,Female,2001,121811
Kuwait,Female,2000,118849
Kuwait,Female,1999,115507
Kuwait,Male,2005,125076
Kuwait,Male,2004,133696
Kuwait,Male,2003,131176
Kuwait,Male,2002,122312
Kuwait,Male,2001,121946
Kuwait,Male,2000,121148
Kuwait,Male,1999,119599
Kyrgyzstan,Female,2005,356990
Kyrgyzstan,Female,2004,363446
Kyrgyzstan,Female,2003,367163
Kyrgyzstan,Female,2002,341446
Kyrgyzstan,Female,2001,338503
Kyrgyzstan,Female,2000,331308
Kyrgyzstan,Female,1999,317326
Kyrgyzstan,Male,2005,364215
Kyrgyzstan,Male,2004,369172
Kyrgyzstan,Male,2003,372096
Kyrgyzstan,Male,2002,347590
Kyrgyzstan,Male,2001,345329
Kyrgyzstan,Male,2000,328143
Kyrgyzstan,Male,1999,316030
Lao PDR,Female,2005,167266
Lao PDR,Female,2004,160279
Lao PDR,Female,2003,147898
Lao PDR,Female,2002,132632
Lao PDR,Female,2001,118197
Lao PDR,Female,2000,107271
Lao PDR,Female,1999,96819
Lao PDR,Male,2005,226590
Lao PDR,Male,2004,219300
Lao PDR,Male,2003,205464
Lao PDR,Male,2002,187643
Lao PDR,Male,2001,170192
Lao PDR,Male,2000,157315
Lao PDR,Male,1999,143448
Latvia,Female,2005,133082
Latvia,Female,2004,134499
Latvia,Female,2003,134765
Latvia,Female,2002,136493
Latvia,Female,2001,135220
Latvia,Female,2000,132320
Latvia,Female,1999,127554
Latvia,Male,2005,138549
Latvia,Male,2004,141087
Latvia,Male,2003,141307
Latvia,Male,2002,141737
Latvia,Male,2001,138973
Latvia,Male,2000,134178
Latvia,Male,1999,127827
Lebanon,Female,2005,186644
Lebanon,Female,2004,184566
Lebanon,Female,2003,179542
Lebanon,Female,2002,173102
Lebanon,Female,2001,166561
Lebanon,Female,2000,197084
Lebanon,Female,1999,191949
Lebanon,Male,2005,175722
Lebanon,Male,2004,174496
Lebanon,Male,2003,170669
Lebanon,Male,2002,163068
Lebanon,Male,2001,155575
Lebanon,Male,2000,186133
Lebanon,Male,1999,180416
Lesotho,Female,2005,52732
Lesotho,Female,2004,49972
Lesotho,Female,2003,47202
Lesotho,Female,2002,46169
Lesotho,Female,2001,44366
Lesotho,Female,2000,42182
Lesotho,Female,1999,42283
Lesotho,Male,2005,41728
Lesotho,Male,2004,39496
Lesotho,Male,2003,37116
Lesotho,Male,2002,36089
Lesotho,Male,2001,34900
Lesotho,Male,2000,32131
Lesotho,Male,1999,31337
Liberia,Female,2000,56449
Liberia,Female,1999,44355
Liberia,Male,2000,79060
Liberia,Male,1999,69523
Libya,Female,2005,373616
Libya,Female,2003,402916
Libya,Female,2002,416511
Libya,Male,2005,327920
Libya,Male,2003,395076
Libya,Male,2002,408027
Liechtenstein,Female,2004,1480
Liechtenstein,Female,2003,1464
Liechtenstein,Male,2004,1793
Liechtenstein,Male,2003,1791
Lithuania,Female,2005,206743
Lithuania,Female,2004,210462
Lithuania,Female,2003,217334
Lithuania,Female,2002,215244
Lithuania,Female,2001,211389
Lithuania,Female,2000,205978
Lithuania,Female,1999,200372
Lithuania,Male,2005,216963
Lithuania,Male,2004,220841
Lithuania,Male,2003,230618
Lithuania,Male,2002,227586
Lithuania,Male,2001,221665
Lithuania,Male,2000,215142
Lithuania,Male,1999,206579
Luxembourg,Female,2005,18119
Luxembourg,Female,2004,17688
Luxembourg,Female,2003,17440
Luxembourg,Female,2002,17149
Luxembourg,Female,2001,16935
Luxembourg,Female,2000,16562
Luxembourg,Female,1999,16211
Luxembourg,Male,2005,17827
Luxembourg,Male,2004,17520
Luxembourg,Male,2003,17276
Luxembourg,Male,2002,16889
Luxembourg,Male,2001,16671
Luxembourg,Male,2000,16434
Luxembourg,Male,1999,16302
Macau SAR,Female,2005,23003
Macau SAR,Female,2004,23079
Macau SAR,Female,2003,22314
Macau SAR,Female,2002,21076
Macau SAR,Female,2001,19555
Macau SAR,Female,2000,17852
Macau SAR,Female,1999,16361
Macau SAR,Male,2005,23536
Macau SAR,Male,2004,23430
Macau SAR,Male,2003,22111
Macau SAR,Male,2002,20941
Macau SAR,Male,2001,19388
Macau SAR,Male,2000,17515
Macau SAR,Male,1999,15498
Macedonia,Female,2005,102764
Macedonia,Female,2004,103618
Macedonia,Female,2003,105116
Macedonia,Female,2002,105008
Macedonia,Female,2001,106370
Macedonia,Female,2000,106196
Macedonia,Female,1999,105023
Macedonia,Male,2005,111241
Macedonia,Male,2004,112142
Macedonia,Male,2003,113533
Macedonia,Male,2002,113826
Macedonia,Male,2001,115711
Macedonia,Male,2000,115765
Macedonia,Male,1999,113643
Madagascar,Female,1999,169653
Madagascar,Male,1999,177288
Malawi,Female,2005,230926
Malawi,Female,2004,225228
Malawi,Female,2002,225730
Malawi,Female,2001,225945
Malawi,Female,2000,208415
Malawi,Female,1999,229352
Malawi,Male,2005,284536
Malawi,Male,2004,280075
Malawi,Male,2002,291960
Malawi,Male,2001,292306
Malawi,Male,2000,278371
Malawi,Male,1999,326970
Malaysia,Female,2004,1339868
Malaysia,Female,2003,1308232
Malaysia,Female,2002,1178811
Malaysia,Female,2001,1147350
Malaysia,Female,2000,1128390
Malaysia,Female,1999,1110299
Malaysia,Male,2004,1244125
Malaysia,Male,2003,1210410
Malaysia,Male,2002,1121251
Malaysia,Male,2001,1099524
Malaysia,Male,2000,1077036
Malaysia,Male,1999,1066564
Maldives,Female,2004,14996
Maldives,Female,2003,14760
Maldives,Female,2002,13336
Maldives,Female,2001,12544
Maldives,Female,2000,10256
Maldives,Female,1999,7663
Maldives,Male,2004,13882
Maldives,Male,2003,13852
Maldives,Male,2002,12029
Maldives,Male,2001,12063
Maldives,Male,2000,9754
Maldives,Male,1999,7325
Mali,Female,2005,161050
Mali,Female,2004,142374
Mali,Female,2003,121098
Mali,Female,2000,90736
Mali,Female,1999,74416
Mali,Male,2005,268666
Mali,Male,2004,246044
Mali,Male,2003,228517
Mali,Male,2000,167097
Mali,Male,1999,143284
Malta,Female,2005,19204
Malta,Female,2004,19543
Malta,Female,2003,18188
Malta,Female,2002,17643
Malta,Female,2001,17376
Malta,Female,2000,17567
Malta,Male,2005,19757
Malta,Male,2004,22180
Malta,Male,2003,19368
Malta,Male,2002,18835
Malta,Male,2001,18867
Malta,Male,2000,18514
Marshall Islands,Female,2005,2940
Marshall Islands,Female,2004,2911
Marshall Islands,Female,2003,3200
Marshall Islands,Female,2002,3147
Marshall Islands,Female,1999,3006
Marshall Islands,Male,2005,2961
Marshall Islands,Male,2004,2935
Marshall Islands,Male,2003,3260
Marshall Islands,Male,2002,3206
Marshall Islands,Male,1999,2951
Mauritania,Female,2005,42591
Mauritania,Female,2004,40290
Mauritania,Female,2003,37505
Mauritania,Female,2002,33951
Mauritania,Female,2001,32850
Mauritania,Female,2000,27332
Mauritania,Female,1999,26684
Mauritania,Male,2005,50205
Mauritania,Male,2004,48636
Mauritania,Male,2003,46902
Mauritania,Male,2002,44779
Mauritania,Male,2001,43808
Mauritania,Male,2000,38274
Mauritania,Male,1999,36798
Mauritius,Female,2005,62816
Mauritius,Female,2004,60029
Mauritius,Female,2003,58179
Mauritius,Female,2002,55213
Mauritius,Female,2001,52587
Mauritius,Female,2000,51152
Mauritius,Female,1999,50915
Mauritius,Male,2005,65075
Mauritius,Male,2004,62527
Mauritius,Male,2003,60055
Mauritius,Male,2002,56553
Mauritius,Male,2001,55259
Mauritius,Male,2000,54280
Mauritius,Male,1999,53155
Mexico,Female,2005,5407176
Mexico,Female,2004,5325197
Mexico,Female,2003,5242325
Mexico,Female,2002,4933188
Mexico,Female,2001,4726409
Mexico,Female,2000,4567349
Mexico,Female,1999,4356352
Mexico,Male,2005,5157228
Mexico,Male,2004,5078656
Mexico,Male,2003,4945860
Mexico,Male,2002,4759788
Mexico,Male,2001,4630735
Mexico,Male,2000,4526754
Mexico,Male,1999,4365374
Monaco,Female,2001,1437
Monaco,Female,2000,1491
Monaco,Female,1999,1468
Monaco,Male,2001,1534
Monaco,Male,2000,1438
Monaco,Male,1999,1415
Mongolia,Female,2005,177692
Mongolia,Female,2004,174964
Mongolia,Female,2003,166024
Mongolia,Female,2002,152076
Mongolia,Female,2001,140460
Mongolia,Female,2000,123634
Mongolia,Female,1999,113803
Mongolia,Male,2005,161557
Mongolia,Male,2004,158229
Mongolia,Male,2003,146750
Mongolia,Male,2002,130013
Mongolia,Male,2001,117805
Mongolia,Male,2000,102214
Mongolia,Male,1999,91426
Montserrat,Female,2005,147
Montserrat,Female,2004,139
Montserrat,Female,2003,141
Montserrat,Female,2002,145
Montserrat,Female,2001,141
Montserrat,Female,2000,138
Montserrat,Female,1999,128
Montserrat,Male,2005,151
Montserrat,Male,2004,145
Montserrat,Male,2003,144
Montserrat,Male,2002,156
Montserrat,Male,2001,156
Montserrat,Male,2000,146
Montserrat,Male,1999,144
Morocco,Female,2005,880259
Morocco,Female,2004,842515
Morocco,Female,2003,782634
Morocco,Female,2002,742106
Morocco,Female,2001,704852
Morocco,Female,2000,673005
Morocco,Female,1999,637292
Morocco,Male,2005,1072197
Morocco,Male,2004,1036968
Morocco,Male,2003,975423
Morocco,Male,2002,942957
Morocco,Male,2001,903427
Morocco,Male,2000,868095
Morocco,Male,1999,832502
Mozambique,Female,2005,124941
Mozambique,Female,2004,100039
Mozambique,Female,2002,71496
Mozambique,Female,2001,55306
Mozambique,Female,2000,47553
Mozambique,Female,1999,42034
Mozambique,Male,2005,180936
Mozambique,Male,2004,143389
Mozambique,Male,2002,109035
Mozambique,Male,2001,87247
Mozambique,Male,2000,76257
Mozambique,Male,1999,61113
Myanmar,Female,2005,1272094
Myanmar,Female,2004,1220459
Myanmar,Female,2003,1147109
Myanmar,Female,2002,1140986
Myanmar,Female,2001,1114511
Myanmar,Female,2000,1161259
Myanmar,Female,1999,1020441
Myanmar,Male,2005,1317218
Myanmar,Male,2004,1323978
Myanmar,Male,2003,1235499
Myanmar,Male,2002,1231607
Myanmar,Male,2001,1187408
Myanmar,Male,2000,1107143
Myanmar,Male,1999,1038566
Namibia,Female,2005,78648
Namibia,Female,2004,76436
Namibia,Female,2003,74521
Namibia,Female,2002,72777
Namibia,Female,2001,72180
Namibia,Female,2000,65628
Namibia,Female,1999,61207
Namibia,Male,2005,69456
Namibia,Male,2004,77205
Namibia,Male,2003,66455
Namibia,Male,2002,65322
Namibia,Male,2001,63763
Namibia,Male,2000,58568
Namibia,Male,1999,54924
Nauru,Female,2004,325
Nauru,Female,2003,325
Nauru,Female,2002,307
Nauru,Female,2001,313
Nauru,Female,2000,360
Nauru,Male,2004,320
Nauru,Male,2003,320
Nauru,Male,2002,266
Nauru,Male,2001,323
Nauru,Male,2000,302
Nepal,Female,2005,918425
Nepal,Female,2003,762893
Nepal,Female,2002,692614
Nepal,Female,2001,603826
Nepal,Female,2000,540126
Nepal,Female,1999,501264
Nepal,Male,2005,1135740
Nepal,Male,2003,1059170
Nepal,Male,2002,997584
Nepal,Male,2001,897677
Nepal,Male,2000,808086
Nepal,Male,1999,764194
Netherlands,Female,2005,682450
Netherlands,Female,2004,677373
Netherlands,Female,2003,687071
Netherlands,Female,2002,674233
Netherlands,Female,2001,675190
Netherlands,Female,2000,660324
Netherlands,Female,1999,652044
Netherlands,Male,2005,727799
Netherlands,Male,2004,719323
Netherlands,Male,2003,728099
Netherlands,Male,2002,723706
Netherlands,Male,2001,727738
Netherlands,Male,2000,718929
Netherlands,Male,1999,712762
Netherlands Antilles,Female,2003,7960
Netherlands Antilles,Female,2002,7880
Netherlands Antilles,Female,2001,7703
Netherlands Antilles,Female,2000,7555
Netherlands Antilles,Female,1999,8277
Netherlands Antilles,Male,2003,7308
Netherlands Antilles,Male,2002,7213
Netherlands Antilles,Male,2001,6949
Netherlands Antilles,Male,2000,6863
Netherlands Antilles,Male,1999,7149
New Zealand,Female,2005,264213
New Zealand,Female,2004,253135
New Zealand,Female,2003,258617
New Zealand,Female,2002,249116
New Zealand,Female,2000,223383
New Zealand,Female,1999,219077
New Zealand,Male,2005,261939
New Zealand,Male,2004,250106
New Zealand,Male,2003,245089
New Zealand,Male,2002,233843
New Zealand,Male,2000,220499
New Zealand,Male,1999,217824
Nicaragua,Female,2005,230572
Nicaragua,Female,2004,219300
Nicaragua,Female,2003,217161
Nicaragua,Female,2002,204113
Nicaragua,Female,2001,189195
Nicaragua,Female,2000,178014
Nicaragua,Female,1999,172765
Nicaragua,Male,2005,207281
Nicaragua,Male,2004,197105
Nicaragua,Male,2003,195182
Nicaragua,Male,2002,178838
Nicaragua,Male,2001,164529
Nicaragua,Male,2000,155196
Nicaragua,Male,1999,148728
Niger,Female,2005,70986
Niger,Female,2004,61006
Niger,Female,2003,49089
Niger,Female,2002,43088
Niger,Female,2001,41997
Niger,Female,2000,41087
Niger,Female,1999,39842
Niger,Male,2005,110655
Niger,Male,2004,97337
Niger,Male,2003,77048
Niger,Male,2002,68945
Niger,Male,2001,66036
Niger,Male,2000,65095
Niger,Male,1999,65091
Nigeria,Female,2005,2854156
Nigeria,Female,2004,2760948
Nigeria,Female,1999,1797976
Nigeria,Male,2005,3543425
Nigeria,Male,2004,3555354
Nigeria,Male,1999,2046609
Niue,Female,2005,99
Niue,Female,2004,106
Niue,Female,2001,120
Niue,Female,2000,135
Niue,Female,1999,145
Niue,Male,2005,107
Niue,Male,2004,103
Niue,Male,2001,122
Niue,Male,2000,125
Niue,Male,1999,123
Norway,Female,2005,197238
Norway,Female,2004,197928
Norway,Female,2003,189711
Norway,Female,2002,183854
Norway,Female,2001,182365
Norway,Female,2000,183491
Norway,Female,1999,186418
Norway,Male,2005,205788
Norway,Male,2004,202231
Norway,Male,2003,195298
Norway,Male,2002,189161
Norway,Male,2001,187578
Norway,Male,2000,188168
Norway,Male,1999,191222
Oman,Female,2005,139592
Oman,Female,2004,137194
Oman,Female,2003,134336
Oman,Female,2002,129786
Oman,Female,2001,124493
Oman,Female,2000,119076
Oman,Female,1999,112554
Oman,Male,2005,153191
Oman,Male,2004,149219
Oman,Male,2003,144966
Oman,Male,2002,137137
Oman,Male,2001,130003
Oman,Male,2000,123457
Oman,Male,1999,116477
Pakistan,Female,2005,2977448
Pakistan,Female,2004,2969180
Pakistan,Female,2003,2662680
Pakistan,Female,2002,2581024
Pakistan,Female,2001,2583390
Pakistan,Male,2005,4267463
Pakistan,Male,2004,4302819
Pakistan,Male,2003,3822613
Pakistan,Male,2002,3815354
Pakistan,Male,2001,3965467
Palau,Female,2005,1134
Palau,Female,2004,1145
Palau,Female,2003,1287
Palau,Female,2001,915
Palau,Female,2000,911
Palau,Female,1999,1060
Palau,Male,2005,1135
Palau,Male,2004,1128
Palau,Male,2003,1178
Palau,Male,2001,983
Palau,Male,2000,990
Palau,Male,1999,1117
"Palestinian Territory, Occupied",Female,2005,345177
"Palestinian Territory, Occupied",Female,2004,314567
"Palestinian Territory, Occupied",Female,2003,292426
"Palestinian Territory, Occupied",Female,2002,274026
"Palestinian Territory, Occupied",Female,2001,258023
"Palestinian Territory, Occupied",Female,2000,239245
"Palestinian Territory, Occupied",Female,1999,220235
"Palestinian Territory, Occupied",Male,2005,340408
"Palestinian Territory, Occupied",Male,2004,313928
"Palestinian Territory, Occupied",Male,2003,290310
"Palestinian Territory, Occupied",Male,2002,270909
"Palestinian Territory, Occupied",Male,2001,252191
"Palestinian Territory, Occupied",Male,2000,238133
"Palestinian Territory, Occupied",Male,1999,224166
Panama,Female,2005,130067
Panama,Female,2004,128968
Panama,Female,2003,128197
Panama,Female,2002,127293
Panama,Female,2001,123883
Panama,Female,2000,118357
Panama,Female,1999,116808
Panama,Male,2005,126157
Panama,Male,2004,124932
Panama,Male,2003,124815
Panama,Male,2002,123935
Panama,Male,2001,120214
Panama,Male,2000,115796
Panama,Male,1999,113226
Papua New Guinea,Female,2003,78030
Papua New Guinea,Female,2002,75305
Papua New Guinea,Female,2001,68663
Papua New Guinea,Female,2000,63812
Papua New Guinea,Female,1999,57892
Papua New Guinea,Male,2003,112291
Papua New Guinea,Male,2002,109346
Papua New Guinea,Male,2001,101608
Papua New Guinea,Male,2000,92332
Papua New Guinea,Male,1999,85609
Paraguay,Female,2004,261384
Paraguay,Female,2003,253232
Paraguay,Female,2002,258384
Paraguay,Female,2001,247891
Paraguay,Female,2000,229926
Paraguay,Female,1999,213386
Paraguay,Male,2004,264617
Paraguay,Male,2003,257649
Paraguay,Male,2002,261546
Paraguay,Male,2001,250044
Paraguay,Male,2000,229334
Paraguay,Male,1999,211828
Peru,Female,2005,1335855
Peru,Female,2004,1320825
Peru,Female,2003,1286686
Peru,Female,2002,1206464
Peru,Female,2001,1181065
Peru,Female,2000,1127994
Peru,Female,1999,1087367
Peru,Male,2005,1355456
Peru,Male,2004,1341055
Peru,Male,2003,1318561
Peru,Male,2002,1333218
Peru,Male,2001,1303710
Peru,Male,2000,1246184
Peru,Male,1999,1190446
Philippines,Female,2005,3285859
Philippines,Female,2004,3252954
Philippines,Female,2003,3124375
Philippines,Female,2002,2992639
Philippines,Female,2001,2764728
Philippines,Female,1999,2624112
Philippines,Male,2005,3066623
Philippines,Male,2004,3055838
Philippines,Male,2003,2944688
Philippines,Male,2002,2824060
Philippines,Male,2001,2621706
Philippines,Male,1999,2493347
Poland,Female,2005,1675314
Poland,Female,2004,1709299
Poland,Female,2003,1863163
Poland,Female,2002,1900055
Poland,Female,2001,1918360
Poland,Female,2000,1931965
Poland,Female,1999,1939075
Poland,Male,2005,1769589
Poland,Male,2004,1770755
Poland,Male,2003,2032004
Poland,Male,2002,2049938
Poland,Male,2001,2055602
Poland,Male,2000,2056036
Poland,Male,1999,2044972
Portugal,Female,2005,343002
Portugal,Female,2004,341697
Portugal,Female,2003,391053
Portugal,Female,2001,408976
Portugal,Female,2000,420187
Portugal,Female,1999,431527
Portugal,Male,2005,326527
Portugal,Male,2004,323516
Portugal,Male,2003,375119
Portugal,Male,2001,404196
Portugal,Male,2000,411006
Portugal,Male,1999,415989
Qatar,Female,2005,27513
Qatar,Female,2004,26359
Qatar,Female,2003,25659
Qatar,Female,2002,24380
Qatar,Female,2001,23509
Qatar,Female,2000,23284
Qatar,Female,1999,22414
Qatar,Male,2005,28192
Qatar,Male,2004,27594
Qatar,Male,2003,26229
Qatar,Male,2002,24662
Qatar,Male,2001,23422
Qatar,Male,2000,24129
Qatar,Male,1999,21989
Republic of Moldova,Female,2005,190823
Republic of Moldova,Female,2004,200274
Republic of Moldova,Female,2003,205429
Republic of Moldova,Female,2002,206456
Republic of Moldova,Female,2001,206130
Republic of Moldova,Female,2000,206309
Republic of Moldova,Female,1999,205666
Republic of Moldova,Male,2005,191754
Republic of Moldova,Male,2004,199538
Republic of Moldova,Male,2003,205161
Republic of Moldova,Male,2002,207460
Republic of Moldova,Male,2001,207288
Republic of Moldova,Male,2000,207601
Republic of Moldova,Male,1999,209653
Romania,Female,2005,1028780
Romania,Female,2004,1061887
Romania,Female,2003,1095530
Romania,Female,2002,1113719
Romania,Female,2001,1109632
Romania,Female,2000,1098890
Romania,Female,1999,1094456
Romania,Male,2005,1060866
Romania,Male,2004,1092847
Romania,Male,2003,1122594
Romania,Male,2002,1141130
Romania,Male,2001,1139170
Romania,Male,2000,1126801
Romania,Male,1999,1123569
Russian Federation,Female,2005,6048827
Russian Federation,Female,2004,6615937
Russian Federation,Female,2003,7103649
Russian Federation,Female,2002,7517979
Russian Federation,Male,2005,6384328
Russian Federation,Male,2004,6942967
Russian Federation,Male,2003,7418169
Russian Federation,Male,2002,7822432
Rwanda,Female,2005,97079
Rwanda,Female,2004,97011
Rwanda,Female,2003,89820
Rwanda,Female,2001,81137
Rwanda,Female,2000,63654
Rwanda,Female,1999,53481
Rwanda,Male,2005,106743
Rwanda,Male,2004,106540
Rwanda,Male,2003,99333
Rwanda,Male,2001,82439
Rwanda,Male,2000,65966
Rwanda,Male,1999,51811
Saint Kitts and Nevis,Female,2005,1997
Saint Kitts and Nevis,Female,2004,2028
Saint Kitts and Nevis,Female,2003,2156
Saint Kitts and Nevis,Female,2002,2159
Saint Kitts and Nevis,Female,2001,1896
Saint Kitts and Nevis,Female,2000,1895
Saint Kitts and Nevis,Male,2005,1942
Saint Kitts and Nevis,Male,2004,1875
Saint Kitts and Nevis,Male,2003,1942
Saint Kitts and Nevis,Male,2002,2081
Saint Kitts and Nevis,Male,2001,2035
Saint Kitts and Nevis,Male,2000,1813
Saint Lucia,Female,2005,7479
Saint Lucia,Female,2004,7471
Saint Lucia,Female,2003,7497
Saint Lucia,Female,2002,7255
Saint Lucia,Female,2001,7194
Saint Lucia,Female,2000,7172
Saint Lucia,Female,1999,6691
Saint Lucia,Male,2005,6307
Saint Lucia,Male,2004,6738
Saint Lucia,Male,2003,6613
Saint Lucia,Male,2002,5488
Saint Lucia,Male,2001,5544
Saint Lucia,Male,2000,5358
Saint Lucia,Male,1999,5156
Samoa,Female,2005,12280
Samoa,Female,2004,12015
Samoa,Female,2003,11874
Samoa,Female,2002,11530
Samoa,Female,2001,11184
Samoa,Female,2000,10920
Samoa,Female,1999,10767
Samoa,Male,2005,11962
Samoa,Male,2004,11749
Samoa,Male,2003,11553
Samoa,Male,2002,11411
Samoa,Male,2001,11001
Samoa,Male,2000,10761
Samoa,Male,1999,10981
San Marino,Female,2000,487
San Marino,Male,2000,501
Sao Tome and Principe,Female,2005,4137
Sao Tome and Principe,Female,2004,3748
Sao Tome and Principe,Female,2003,3611
Sao Tome and Principe,Female,2002,3345
Sao Tome and Principe,Male,2005,3954
Sao Tome and Principe,Male,2004,3675
Sao Tome and Principe,Male,2003,3142
Sao Tome and Principe,Male,2002,4022
Saudi Arabia,Female,2005,1314779
Saudi Arabia,Female,2004,1294491
Saudi Arabia,Female,2003,1240627
Saudi Arabia,Male,2005,1417470
Saudi Arabia,Male,2004,1390217
Saudi Arabia,Male,2003,1336319
Senegal,Female,2005,172331
Senegal,Female,2004,149843
Senegal,Female,2003,125904
Senegal,Female,2002,115486
Senegal,Female,2001,103039
Senegal,Female,2000,97935
Senegal,Female,1999,92356
Senegal,Male,2005,233568
Senegal,Male,2004,210173
Senegal,Male,2003,184055
Senegal,Male,2002,173777
Senegal,Male,2001,157699
Senegal,Male,2000,151612
Senegal,Male,1999,145098
Serbia and Montenegro,Female,2001,375538
Serbia and Montenegro,Female,2000,387431
Serbia and Montenegro,Female,1999,400707
Serbia and Montenegro,Male,2001,385870
Serbia and Montenegro,Male,2000,397095
Serbia and Montenegro,Male,1999,413249
Seychelles,Female,2005,3624
Seychelles,Female,2004,3755
Seychelles,Female,2003,3794
Seychelles,Female,2002,3758
Seychelles,Female,2001,3813
Seychelles,Female,2000,3914
Seychelles,Female,1999,3905
Seychelles,Male,2005,3896
Seychelles,Male,2004,3651
Seychelles,Male,2003,3757
Seychelles,Male,2002,3767
Seychelles,Male,2001,3701
Seychelles,Male,2000,3828
Seychelles,Male,1999,3883
Sierra Leone,Female,2001,64711
Sierra Leone,Male,2001,90856
Singapore,Female,2005,118357
Singapore,Female,2004,116306
Singapore,Female,2003,112574
Singapore,Female,2002,107019
Singapore,Female,2001,103063
Singapore,Female,2000,97360
Singapore,Female,1999,95658
Singapore,Male,2005,123607
Singapore,Male,2004,121909
Singapore,Male,2003,118411
Singapore,Male,2002,112359
Singapore,Male,2001,108394
Singapore,Male,2000,102849
Singapore,Male,1999,101435
Slovakia,Female,2005,325724
Slovakia,Female,2004,331813
Slovakia,Female,2003,328957
Slovakia,Female,2002,327706
Slovakia,Female,2001,326908
Slovakia,Female,2000,331853
Slovakia,Female,1999,333867
Slovakia,Male,2005,336935
Slovakia,Male,2004,341899
Slovakia,Male,2003,340621
Slovakia,Male,2002,338532
Slovakia,Male,2001,336647
Slovakia,Male,2000,339817
Slovakia,Male,1999,340538
Slovenia,Female,2005,88277
Slovenia,Female,2004,91578
Slovenia,Female,2003,105854
Slovenia,Female,2002,107982
Slovenia,Female,2001,110850
Slovenia,Female,2000,108326
Slovenia,Female,1999,108828
Slovenia,Male,2005,93022
Slovenia,Male,2004,96239
Slovenia,Male,2003,111733
Slovenia,Male,2002,112822
Slovenia,Male,2001,113897
Slovenia,Male,2000,109925
Slovenia,Male,1999,111205
Solomon Islands,Female,2005,9781
Solomon Islands,Female,2004,9641
Solomon Islands,Female,2003,9376
Solomon Islands,Female,2002,9305
Solomon Islands,Female,2001,7085
Solomon Islands,Female,2000,5697
Solomon Islands,Female,1999,6805
Solomon Islands,Male,2005,12706
Solomon Islands,Male,2004,12516
Solomon Islands,Male,2003,12509
Solomon Islands,Male,2002,12395
Solomon Islands,Male,2001,9395
Solomon Islands,Male,2000,7830
Solomon Islands,Male,1999,9771
South Africa,Female,2004,2367088
South Africa,Female,2003,2289237
South Africa,Female,2002,2250409
South Africa,Female,2001,2218158
South Africa,Female,2000,2170709
South Africa,Female,1999,2241826
South Africa,Male,2004,2226404
South Africa,Male,2003,2157604
South Africa,Male,2002,2103408
South Africa,Male,2001,2032242
South Africa,Male,2000,1971237
South Africa,Male,1999,1997371
Spain,Female,2005,1557536
Spain,Female,2004,1529111
Spain,Female,2003,1526760
Spain,Female,2002,1560263
Spain,Female,2001,1592905
Spain,Female,2000,1629244
Spain,Female,1999,1660717
Spain,Male,2005,1550280
Spain,Male,2004,1519077
Spain,Male,2003,1525902
Spain,Male,2002,1546514
Spain,Male,2001,1590377
Spain,Male,2000,1616706
Spain,Male,1999,1638752
Sri Lanka,Female,2004,1153301
Sri Lanka,Female,2003,1174269
Sri Lanka,Female,2002,1188251
Sri Lanka,Male,2004,1179025
Sri Lanka,Male,2003,1145824
Sri Lanka,Male,2002,1156709
St Vincent and the Grenadines,Female,2005,5399
St Vincent and the Grenadines,Female,2004,5360
St Vincent and the Grenadines,Female,2003,5004
St Vincent and the Grenadines,Female,2002,5197
St Vincent and the Grenadines,Female,2001,5231
St Vincent and the Grenadines,Female,2000,5505
St Vincent and the Grenadines,Male,2005,4381
St Vincent and the Grenadines,Male,2004,5038
St Vincent and the Grenadines,Male,2003,4620
St Vincent and the Grenadines,Male,2002,4723
St Vincent and the Grenadines,Male,2001,4525
St Vincent and the Grenadines,Male,2000,4174
Sudan,Female,2005,651156
Sudan,Female,2004,656880
Sudan,Female,2003,602084
Sudan,Female,2002,560121
Sudan,Female,2001,555445
Sudan,Male,2005,718579
Sudan,Male,2004,736898
Sudan,Male,2003,676549
Sudan,Male,2002,612611
Sudan,Male,2001,596109
Suriname,Female,2005,25553
Suriname,Female,2003,23091
Suriname,Female,2002,24180
Suriname,Female,2001,22231
Suriname,Male,2005,20265
Suriname,Male,2003,17909
Suriname,Male,2002,18073
Suriname,Male,2001,19643
Swaziland,Female,2005,33264
Swaziland,Female,2004,33215
Swaziland,Female,2003,31317
Swaziland,Female,2002,31620
Swaziland,Female,2001,31126
Swaziland,Female,2000,30250
Swaziland,Female,1999,30825
Swaziland,Male,2005,34585
Swaziland,Male,2004,34481
Swaziland,Male,2003,31084
Swaziland,Male,2002,31056
Swaziland,Male,2001,30151
Swaziland,Male,2000,30003
Swaziland,Male,1999,30726
Sweden,Female,2005,357176
Sweden,Female,2004,352072
Sweden,Female,2003,485304
Sweden,Female,2002,499875
Sweden,Female,2001,505328
Sweden,Female,2000,509767
Sweden,Female,1999,527991
Sweden,Male,2005,378318
Sweden,Male,2004,359726
Sweden,Male,2003,432674
Sweden,Male,2002,434733
Sweden,Male,2001,423096
Sweden,Male,2000,423902
Sweden,Male,1999,435927
Switzerland,Female,2005,271859
Switzerland,Female,2004,265884
Switzerland,Female,2003,262486
Switzerland,Female,2002,259863
Switzerland,Female,2001,261388
Switzerland,Female,2000,257991
Switzerland,Female,1999,254777
Switzerland,Male,2005,302924
Switzerland,Male,2004,297817
Switzerland,Male,2003,293019
Switzerland,Male,2002,290454
Switzerland,Male,2001,292230
Switzerland,Male,2000,291378
Switzerland,Male,1999,289656
Syria,Female,2005,1131499
Syria,Female,2004,1062331
Syria,Female,2003,998726
Syria,Female,2002,550613
Syria,Female,2001,522126
Syria,Female,2000,501241
Syria,Female,1999,482386
Syria,Male,2005,1257884
Syria,Male,2004,1186785
Syria,Male,2003,1120964
Syria,Male,2002,631811
Syria,Male,2001,602626
Syria,Male,2000,567799
Syria,Male,1999,547383
Tajikistan,Female,2005,441428
Tajikistan,Female,2004,438721
Tajikistan,Female,2003,424811
Tajikistan,Female,2002,400578
Tajikistan,Female,2001,379732
Tajikistan,Female,2000,362822
Tajikistan,Female,1999,350854
Tajikistan,Male,2005,542982
Tajikistan,Male,2004,534952
Tajikistan,Male,2003,523530
Tajikistan,Male,2002,498658
Tajikistan,Male,2001,467713
Tajikistan,Male,2000,432558
Tajikistan,Male,1999,418049
Tanzania,Female,1999,121536
Tanzania,Male,1999,149610
Thailand,Female,2005,2289273
Thailand,Female,2004,2165272
Thailand,Female,2003,2032604
Thailand,Female,2002,2043792
Thailand,Female,2001,1976876
Thailand,Male,2005,2243900
Thailand,Male,2004,2088108
Thailand,Male,2003,2095628
Thailand,Male,2002,2106392
Thailand,Male,2001,2095232
Timor Leste,Female,2005,36445
Timor Leste,Female,2004,35122
Timor Leste,Male,2005,38377
Timor Leste,Male,2004,37883
Togo,Female,2005,134331
Togo,Female,2004,124692
Togo,Female,2003,114235
Togo,Female,2000,79631
Togo,Female,1999,66383
Togo,Male,2005,264707
Togo,Male,2004,250693
Togo,Male,2003,239546
Togo,Male,2000,181246
Togo,Male,1999,165565
Tokelau,Female,2004,79
Tokelau,Female,2003,91
Tokelau,Female,2002,113
Tokelau,Female,2001,113
Tokelau,Female,2000,89
Tokelau,Male,2004,96
Tokelau,Male,2003,100
Tokelau,Male,2002,89
Tokelau,Male,2001,89
Tokelau,Male,2000,91
Tonga,Female,2004,6901
Tonga,Female,2002,7253
Tonga,Female,2001,6957
Tonga,Female,2000,7176
Tonga,Female,1999,7358
Tonga,Male,2004,7131
Tonga,Male,2002,7314
Tonga,Male,2001,7170
Tonga,Male,2000,7348
Tonga,Male,1999,7352
Trinidad and Tobago,Female,2005,48932
Trinidad and Tobago,Female,2004,53819
Trinidad and Tobago,Female,2003,55481
Trinidad and Tobago,Female,2002,56383
Trinidad and Tobago,Female,2001,58724
Trinidad and Tobago,Female,2000,58519
Trinidad and Tobago,Female,1999,60339
Trinidad and Tobago,Male,2005,48148
Trinidad and Tobago,Male,2004,51562
Trinidad and Tobago,Male,2003,52399
Trinidad and Tobago,Male,2002,52395
Trinidad and Tobago,Male,2001,55843
Trinidad and Tobago,Male,2000,54623
Trinidad and Tobago,Male,1999,56672
Tunisia,Female,2005,632802
Tunisia,Female,2003,583752
Tunisia,Female,2002,583049
Tunisia,Female,2001,573688
Tunisia,Female,2000,554873
Tunisia,Female,1999,521603
Tunisia,Male,2005,606666
Tunisia,Male,2003,564771
Tunisia,Male,2002,586319
Tunisia,Male,2001,569394
Tunisia,Male,2000,549222
Tunisia,Male,1999,537274
Turkey,Female,2005,2242994
Turkey,Female,2004,2240771
Turkey,Female,2003,2413856
Turkey,Female,2002,2336589
Turkey,Female,2001,2216158
Turkey,Male,2005,2832726
Turkey,Male,2004,3090152
Turkey,Male,2003,3328214
Turkey,Male,2002,3163657
Turkey,Male,2001,3054898
Turks and Caicos Islands,Female,2005,806
Turks and Caicos Islands,Female,2004,742
Turks and Caicos Islands,Female,2003,686
Turks and Caicos Islands,Female,2002,703
Turks and Caicos Islands,Female,2001,705
Turks and Caicos Islands,Female,2000,674
Turks and Caicos Islands,Female,1999,569
Turks and Caicos Islands,Male,2005,880
Turks and Caicos Islands,Male,2004,774
Turks and Caicos Islands,Male,2003,709
Turks and Caicos Islands,Male,2002,708
Turks and Caicos Islands,Male,2001,634
Turks and Caicos Islands,Male,2000,544
Turks and Caicos Islands,Male,1999,545
Tuvalu,Female,2001,421
Tuvalu,Male,2001,491
Uganda,Female,2005,338010
Uganda,Female,2004,325560
Uganda,Female,2003,319779
Uganda,Female,2002,306065
Uganda,Female,2001,247298
Uganda,Female,2000,237280
Uganda,Female,1999,126337
Uganda,Male,2005,422327
Uganda,Male,2004,407232
Uganda,Male,2003,396957
Uganda,Male,2002,381548
Uganda,Male,2001,323222
Uganda,Male,2000,309697
Uganda,Male,1999,191799
Ukraine,Female,2005,1891688
Ukraine,Female,2004,2154687
Ukraine,Female,2003,2350328
Ukraine,Female,2002,2437590
Ukraine,Female,2001,2489403
Ukraine,Female,2000,2554008
Ukraine,Female,1999,2594017
Ukraine,Male,2005,2151139
Ukraine,Male,2004,2291287
Ukraine,Male,2003,2473749
Ukraine,Male,2002,2545357
Ukraine,Male,2001,2634199
Ukraine,Male,2000,2650477
Ukraine,Male,1999,2620089
United Arab Emirates,Female,2005,139376
United Arab Emirates,Female,2004,137119
United Arab Emirates,Female,2003,135018
United Arab Emirates,Female,2002,112886
United Arab Emirates,Female,2001,109163
United Arab Emirates,Female,2000,105000
United Arab Emirates,Female,1999,100991
United Arab Emirates,Male,2005,145602
United Arab Emirates,Male,2004,142377
United Arab Emirates,Male,2003,138473
United Arab Emirates,Male,2002,113521
United Arab Emirates,Male,2001,110971
United Arab Emirates,Male,2000,105002
United Arab Emirates,Male,1999,100531
United Kingdom,Female,2005,2836237
United Kingdom,Female,2004,2813796
United Kingdom,Female,2003,2741211
United Kingdom,Female,2002,2706721
United Kingdom,Female,2001,2633319
United Kingdom,Female,2000,2608431
United Kingdom,Female,1999,2552664
United Kingdom,Male,2005,2911185
United Kingdom,Male,2004,2885730
United Kingdom,Male,2003,2789386
United Kingdom,Male,2002,2800677
United Kingdom,Male,2001,2733120
United Kingdom,Male,2000,2695709
United Kingdom,Male,1999,2639638
United States of America,Female,2005,12008749
United States of America,Female,2004,11895622
United States of America,Female,2003,11622524
United States of America,Female,2002,11240229
United States of America,Female,2001,11320612
United States of America,Female,2000,11070268
United States of America,Male,2005,12423185
United States of America,Male,2004,12290164
United States of America,Male,2003,12231934
United States of America,Male,2002,11956081
United States of America,Male,2001,11766430
United States of America,Male,2000,11523294
Uruguay,Female,2004,178286
Uruguay,Female,2003,180372
Uruguay,Female,2002,172583
Uruguay,Female,2001,164967
Uruguay,Female,2000,158654
Uruguay,Female,1999,150307
Uruguay,Male,2004,160771
Uruguay,Male,2003,163245
Uruguay,Male,2002,159592
Uruguay,Male,2001,151001
Uruguay,Male,2000,145229
Uruguay,Male,1999,133531
Uzbekistan,Female,2004,2054530
Uzbekistan,Female,2003,2020227
Uzbekistan,Female,2002,1993114
Uzbekistan,Male,2004,2180418
Uzbekistan,Male,2003,2140676
Uzbekistan,Male,2002,2107847
Vanuatu,Female,2004,6185
Vanuatu,Female,2003,5637
Vanuatu,Female,2002,5785
Vanuatu,Female,2001,5048
Vanuatu,Female,2000,5406
Vanuatu,Female,1999,4059
Vanuatu,Male,2004,7652
Vanuatu,Male,2003,7163
Vanuatu,Male,2002,6528
Vanuatu,Male,2001,5886
Vanuatu,Male,2000,5040
Vanuatu,Male,1999,4930
Venezuela,Female,2005,1055909
Venezuela,Female,2004,1021318
Venezuela,Female,2003,980258
Venezuela,Female,2002,955757
Venezuela,Female,2001,889959
Venezuela,Female,2000,826802
Venezuela,Female,1999,778954
Venezuela,Male,2005,972479
Venezuela,Male,2004,932188
Venezuela,Male,2003,885856
Venezuela,Male,2002,855370
Venezuela,Male,2001,787848
Venezuela,Male,2000,716623
Venezuela,Male,1999,660168
Vietnam,Female,2005,4827551
Vietnam,Female,2004,4607240
Vietnam,Female,2003,4394204
Vietnam,Female,2002,4161139
Vietnam,Female,2001,3918390
Vietnam,Female,2000,3727020
Vietnam,Female,1999,3461360
Vietnam,Male,2005,5111768
Vietnam,Male,2004,4981458
Vietnam,Male,2003,4871597
Vietnam,Male,2002,4622201
Vietnam,Male,2001,4399802
Vietnam,Male,2000,4199106
Vietnam,Male,1999,3939529
Yemen,Female,2005,466693
Yemen,Female,2004,451535
Yemen,Female,2003,413767
Yemen,Female,2001,353297
Yemen,Female,2000,325256
Yemen,Female,1999,271291
Yemen,Male,2005,988523
Yemen,Male,2004,994834
Yemen,Male,2003,959595
Yemen,Male,2001,895719
Yemen,Male,2000,825613
Yemen,Male,1999,770525
Zambia,Female,2005,183200
Zambia,Female,2004,160367
Zambia,Female,2002,158834
Zambia,Female,2001,132145
Zambia,Female,2000,122996
Zambia,Female,1999,102990
Zambia,Male,2005,225771
Zambia,Male,2004,203246
Zambia,Male,2002,192608
Zambia,Male,2001,171987
Zambia,Male,2000,153305
Zambia,Male,1999,134317
Zimbabwe,Female,2003,360311
Zimbabwe,Female,2002,388783
Zimbabwe,Female,2001,407223
Zimbabwe,Female,2000,395202
Zimbabwe,Female,1999,391813
Zimbabwe,Male,2003,397918
Zimbabwe,Male,2002,439673
Zimbabwe,Male,2001,458948
Zimbabwe,Male,2000,448981
Zimbabwe,Male,1999,443067
