Country or Area,Female,Male,Year
Algeria,11,22.8,2003
Algeria,12.5,22.5,2001
Anguilla,0.7,4.8,2001
Anguilla,1,3.3,1999
Antigua and Barbuda,1.1,4.1,2001
Antigua and Barbuda,2.5,5.3,1991
Argentina,0.6,1.5,2005
Argentina,0.9,1.4,2004
Argentina,1,1.7,2003
Argentina,0.5,1.3,2002
Argentina,0.3,1.2,2001
Argentina,0.2,1,2000
Argentina,0.2,1.1,1999
Argentina,0.2,1.1,1998
Argentina,0.2,1.1,1997
Argentina,0.2,1.1,1996
Argentina,0.4,0.8,1995
Argentina,0.2,0.6,1994
Argentina,0.3,0.5,1993
Argentina,0.3,0.4,1992
Argentina,0.1,0.5,1991
Argentina,0.2,0.5,1990
Aruba,0.3,0.6,1997
Aruba,0.1,0.1,1994
Australia,2.5,4.6,2005
Australia,2.7,4.6,2004
Australia,2.6,5,2003
Australia,3.1,5.6,2002
Australia,3.5,5.9,2001
Australia,3.5,6.1,2000
Australia,3.5,6.1,1999
Australia,3.5,6,1998
Australia,3.6,6.3,1997
Australia,3.5,6.2,1996
Australia,3.6,6,1995
Australia,3.6,6.2,1994
Australia,3.8,6.5,1993
Australia,3.8,6.4,1992
Australia,3.9,6.6,1991
Australia,4,6.7,1990
Australia,3.9,6.7,1989
Australia,4.1,7,1988
Australia,4.1,6.9,1987
Australia,4.4,7.2,1986
Australia,4.4,7.3,1985
Austria,5.6,5.5,2005
Austria,5.3,4.8,2004
Austria,5.8,5.4,2003
Austria,6,5.3,2002
Austria,6.1,5.3,2001
Austria,6.1,5.5,2000
Austria,6.8,5.6,1999
Austria,7.3,5.9,1998
Austria,7.5,6.1,1997
Austria,8.4,6.4,1996
Austria,8.5,6.6,1995
Austria,8,6.6,1994
Austria,7.8,6.2,1993
Austria,8,6.4,1992
Austria,8.5,6.6,1991
Austria,9.4,6.8,1990
Austria,9.2,7.1,1989
Austria,9.3,7.4,1988
Austria,10.1,7.7,1987
Austria,10.2,7.6,1986
Austria,10.5,8,1985
Azerbaijan,37.4,41.1,2005
Azerbaijan,38,40.9,2004
Azerbaijan,39,40.9,2003
Azerbaijan,39.4,40.9,2002
Azerbaijan,42.8,37.4,2001
Azerbaijan,46.1,36.4,2000
Azerbaijan,47.6,37.5,1999
Bahamas,0.3,6.4,2005
Bahamas,0.4,8.2,2004
Bahamas,0.6,5.3,2003
Bahamas,1.7,5.6,2002
Bahamas,1.4,6.8,2001
Bahamas,0.9,6.7,1999
Bahamas,1.3,6,1998
Bahamas,2.2,6,1997
Bahamas,1.2,8.1,1996
Bahamas,1.1,7.3,1995
Bahamas,1.6,8.8,1994
Bahamas,1.4,9,1993
Bahamas,1.5,8.6,1992
Bahamas,1.5,8.6,1991
Bahrain,0.1,1.9,2001
Bahrain,0,2.9,1991
Bangladesh,58.6,49.8,2003
Bangladesh,76.9,53.3,2000
Bangladesh,77.5,54.4,1996
Bangladesh,84.9,54.4,1990
Bangladesh,71.5,60.4,1989
Bangladesh,11.4,62.3,1986
Bangladesh,9.3,62.3,1985
Barbados,2.5,4.2,2004
Barbados,3.5,5.3,2003
Barbados,3.1,4.9,2002
Barbados,3.6,4.8,2001
Barbados,3.3,4.1,2000
Barbados,3.3,5.2,1999
Barbados,3.6,5,1998
Barbados,4.2,6.5,1997
Barbados,4.3,6.1,1996
Barbados,3.6,5.5,1995
Barbados,4.3,6,1994
Barbados,4.5,6.3,1993
Barbados,4.2,8,1992
Barbados,4.4,6.4,1991
Barbados,5.5,6.9,1990
Barbados,6.6,6.6,1989
Barbados,6.6,8.7,1988
Barbados,6.7,9,1987
Barbados,7.5,8.8,1986
Barbados,7.2,9.4,1985
Belgium,1.5,2.4,2005
Belgium,1.4,2.5,2004
Belgium,1.2,2.2,2003
Belgium,1.2,2.1,2002
Belgium,1.1,2,2001
Belgium,1.1,2.2,2000
Belgium,1.5,2.4,1999
Belgium,1.6,2.7,1998
Belgium,2.1,3,1997
Belgium,2.2,3.1,1996
Belgium,2.1,3.1,1995
Belgium,2.2,3.4,1994
Belgium,1.7,3,1993
Belgium,2,3.1,1992
Belgium,1.9,3,1991
Belgium,1.9,3.8,1990
Belgium,1.8,3.8,1989
Belgium,1.8,3.6,1988
Belgium,1.8,3.7,1987
Belgium,1.8,3.8,1986
Belgium,1.9,3.9,1985
Belize,3.3,28,2005
Belize,6.4,36.9,1999
Belize,5.4,34.1,1998
Belize,6.1,40.3,1997
Belize,5,38.4,1996
Belize,6.1,36.2,1995
Belize,4.5,30.9,1994
Belize,4.7,33,1993
Bermuda,0.3,2.6,1996
Bermuda,0.4,2.7,1995
Bermuda,0.3,2.7,1994
Bermuda,0.2,2.7,1993
Bermuda,0.2,2.7,1992
Bermuda,0.2,2.8,1991
Bolivia,36.2,42.3,2002
Bolivia,39.8,42.9,2001
Bolivia,35.3,37.9,2000
Bolivia,37.2,37,1999
Bolivia,4.1,7,1997
Bolivia,4,6.4,1996
Bolivia,1.1,3,1995
Bolivia,0.7,2.4,1994
Bolivia,0.7,2.8,1993
Bolivia,1.3,2.7,1992
Bolivia,1,2.3,1991
Bolivia,0.2,1.9,1990
Bolivia,1.2,3,1989
Botswana,12.9,28.6,2003
Botswana,5.9,16.8,2001
Botswana,17,21.9,2000
Botswana,12.9,26.2,1998
Botswana,60.5,55.3,1985
Brazil,16,24.5,2004
Brazil,16.1,23.9,2003
Brazil,16.5,23.5,2002
Brazil,16.1,23.6,2001
Brazil,20.4,26.8,1999
Brazil,19.3,26,1998
Brazil,20.2,26.8,1997
Brazil,19.7,27.4,1996
Brazil,22.5,28.4,1995
Brazil,24.1,29.6,1993
Brazil,24.7,30.6,1992
Brazil,13.3,28.1,1990
Brazil,14,28.1,1989
Brazil,14.7,29.4,1988
Brazil,15.4,29.4,1987
Brazil,14.8,31.5,1986
Brazil,18.5,33.7,1985
British Virgin Islands,0.3,3.3,1991
Brunei,0.3,2.1,2001
Brunei,1.6,2.3,1991
Bulgaria,6.8,10.7,2005
Bulgaria,7.4,11.7,2004
Bulgaria,7.6,12.3,2003
Cambodia,69.7,70.8,2001
Cambodia,74.9,72.4,2000
Cambodia,83.1,71.6,1998
Cambodia,79,70.8,1993
Cameroon,68.4,53.1,2001
Cameroon,68.4,53.1,1990
Canada,1.6,3.7,2005
Canada,1.5,3.7,2004
Canada,1.5,3.8,2003
Canada,1.6,3.8,2002
Canada,1.6,3.9,2001
Canada,1.9,4.5,2000
Canada,2.2,4.8,1999
Canada,2.3,5.1,1998
Canada,2.3,5.2,1997
Canada,2.4,5.4,1996
Canada,2.3,5.4,1995
Canada,2.4,5.4,1994
Canada,2.5,5.6,1993
Canada,2.4,5.5,1992
Canada,2.6,5.7,1991
Canada,2.4,5.4,1990
Canada,2.4,5.4,1989
Canada,2.5,5.7,1988
Canada,2.6,6.1,1987
Canada,3,6.4,1986
Canada,3.1,6.6,1985
Chad,85.9,80.3,1993
Chile,5.8,17.1,2005
Chile,5.5,17.6,2004
Chile,4.9,18.1,2003
Chile,4.7,17.9,2002
Chile,4.6,18.1,2001
Chile,4.6,19.3,2000
Chile,4.6,19.3,1999
Chile,4.6,19.4,1998
Chile,4.5,19.2,1997
Chile,5.3,20.2,1996
Chile,5.3,20.6,1995
Chile,5.5,21.3,1994
Chile,6.1,21.6,1993
Chile,6,23.6,1992
Chile,6,24.8,1991
Chile,5.9,25.3,1990
Chile,5.9,25.3,1989
Chile,6.4,26.3,1988
Chile,5.6,27.3,1987
Chile,4.5,27.4,1986
Chile,4,27,1985
Colombia,8.4,31.8,2005
Colombia,6.8,29.4,2004
Colombia,7.2,30.6,2003
Colombia,5.6,30.3,2002
Colombia,6.5,32.5,2001
Colombia,0.5,1.6,2000
Colombia,0.5,1.6,1999
Colombia,0.6,1.4,1998
Colombia,0.5,1.4,1997
Colombia,0.8,1.6,1996
Colombia,0.6,1.4,1995
Colombia,0.8,1.7,1994
Colombia,0.7,1.5,1993
Colombia,0.8,1.9,1992
Colombia,0.6,1.8,1991
Colombia,0.6,1.9,1990
Colombia,0.6,1.7,1989
Colombia,0.6,1.8,1988
Colombia,0.6,1.9,1987
Colombia,0.9,1.8,1986
Colombia,0.7,1.7,1985
Costa Rica,4.8,20.8,2005
Costa Rica,4,20.4,2004
Costa Rica,4.1,21,2003
Costa Rica,4.1,22.1,2002
Costa Rica,3.8,21.9,2001
Costa Rica,5.4,27.3,2000
Costa Rica,4.7,26.9,1999
Costa Rica,5.5,26.9,1998
Costa Rica,5.9,27.2,1997
Costa Rica,5.7,28.3,1996
Costa Rica,6.2,28.2,1995
Costa Rica,5.1,28.3,1994
Costa Rica,6.1,29.5,1993
Costa Rica,5.4,31.9,1992
Costa Rica,6.7,33.3,1991
Costa Rica,6.4,33.6,1990
Costa Rica,5.9,34.1,1989
Costa Rica,7.1,36.1,1988
Costa Rica,6.3,36.1,1987
Costa Rica,5.5,34.4,1986
Costa Rica,4.5,35.3,1985
Croatia,18.9,16,2005
Croatia,17.5,15.5,2004
Croatia,17.6,16.2,2003
Croatia,15,15.4,2002
Croatia,15.3,15.8,2001
Croatia,15.3,13.9,2000
Croatia,17.2,16.1,1999
Croatia,17.3,16.1,1998
Croatia,19,16.7,1997
Croatia,21.2,18.8,1996
Cuba,10.1,27.5,2004
Cuba,9.2,28.7,2003
Cuba,9.2,28.6,2002
Cuba,9.2,28.5,2001
Cuba,14.2,34.3,2000
Cuba,14.2,34.2,1999
Cuba,11.5,26.9,1998
Cuba,13.2,31.6,1997
Cuba,13.2,31.5,1996
Cuba,13.2,31.6,1995
Cyprus,3.5,5.7,2005
Cyprus,3.7,5.7,2004
Cyprus,3.9,6.2,2003
Cyprus,4.3,6,2002
Cyprus,4,5.5,2001
Cyprus,4.8,5.6,2000
Cyprus,4.1,4.8,1999
Cyprus,10.4,10.9,1995
Cyprus,10.8,11.1,1994
Cyprus,12.4,11.3,1993
Cyprus,13.1,11.3,1992
Cyprus,14,11.5,1991
Cyprus,15.9,12,1990
Cyprus,17.2,12.5,1989
Cyprus,17.9,12.8,1988
Cyprus,19.2,13.2,1987
Cyprus,19.8,13.4,1986
Cyprus,20.5,13.9,1985
Czech Republic,2.8,4.8,2005
Czech Republic,3,5.3,2004
Czech Republic,3.2,5.5,2003
Czech Republic,3.4,5.8,2002
Czech Republic,3.3,5.9,2001
Czech Republic,3.7,6.1,2000
Czech Republic,3.8,6.2,1999
Czech Republic,4.2,6.5,1998
Czech Republic,4.4,6.9,1997
Czech Republic,4.8,7.1,1996
Czech Republic,5.5,7.4,1995
Czech Republic,5.7,7.8,1994
Czech Republic,6.3,8.8,1993
Czech Republic,6.7,9.1,1992
Czech Republic,8.3,11.5,1991
Czech Republic,9.7,14.5,1990
Czech Republic,9.6,14,1989
Czech Republic,9.9,13.9,1988
Czech Republic,10.1,13.7,1987
Czech Republic,10.2,13.6,1986
Czech Republic,10.4,13.6,1985
Denmark,1.6,4.1,2005
Denmark,1.5,4.5,2004
Denmark,1.4,4.4,2003
Denmark,1.6,4.5,2002
Denmark,1.6,4.7,2001
Denmark,1.8,4.6,2000
Denmark,1.6,5.3,1998
Denmark,1.7,5.4,1997
Denmark,2,5.5,1996
Denmark,2.5,5.9,1995
Denmark,2.6,7,1994
Denmark,2.6,7.3,1993
Denmark,2.7,7.2,1992
Denmark,3,7.9,1991
Denmark,2.8,7.8,1990
Denmark,2.8,7.9,1989
Denmark,3,7.9,1988
Denmark,3.2,7.7,1987
Denmark,2.8,8.2,1986
Denmark,3.4,9.2,1985
Djibouti,0.2,3.4,1991
Dominica,8.3,29.4,2001
Dominica,16.1,34.3,1999
Dominica,13.7,31.4,1997
Dominica,12.7,38.7,1989
Dominican Republic,2.8,20.6,2005
Dominican Republic,1.9,21.2,2004
Dominican Republic,1.7,19.7,2003
Dominican Republic,1.9,23,2002
Dominican Republic,1.9,21.3,2001
Dominican Republic,2.6,22.7,2000
Dominican Republic,2.8,24,1999
Dominican Republic,2.4,23.9,1998
Dominican Republic,2.2,26.8,1997
Dominican Republic,3.3,26.6,1996
Dominican Republic,1.7,20.5,1995
Dominican Republic,2.2,19.8,1994
Dominican Republic,2.7,22.8,1993
Dominican Republic,2.8,25.6,1992
Dominican Republic,2.6,27.4,1991
Ecuador,4.3,11,2005
Ecuador,4.9,12.3,2004
Ecuador,4.7,11,2002
Ecuador,3.9,10.2,2001
Ecuador,4.4,11.1,2000
Ecuador,2.6,10.5,1999
Ecuador,2.3,10.5,1998
Ecuador,1.9,9.8,1997
Ecuador,1.9,9.5,1996
Ecuador,2,8.8,1995
Ecuador,2.4,9.8,1994
Ecuador,2.4,10.4,1993
Ecuador,1.9,9.6,1992
Ecuador,2.3,11.3,1991
Ecuador,2.5,10.3,1990
Egypt,39,27.7,2003
Egypt,27.6,27.5,2002
Egypt,31.9,27.8,2001
Egypt,39.4,27.4,2000
Egypt,31.9,28,1999
Egypt,35.3,28.5,1998
Egypt,40.5,29.1,1997
Egypt,42.5,32,1995
Egypt,47,32.2,1994
Egypt,46.5,32.5,1993
Egypt,52.4,34.5,1992
Egypt,38.9,29.4,1991
Egypt,52,34.9,1990
Egypt,63.2,34.6,1989
El Salvador,3.4,30,2004
El Salvador,3.8,28.5,2003
El Salvador,2.7,31.9,2002
El Salvador,4.1,33.8,2001
El Salvador,3.8,33.9,2000
El Salvador,4.7,34.1,1999
El Salvador,6.3,37.3,1998
El Salvador,7,38.1,1997
El Salvador,7.9,40.3,1996
El Salvador,7.7,38.7,1995
El Salvador,8.3,40.3,1994
El Salvador,14.8,47.8,1992
El Salvador,5,14.9,1991
El Salvador,2.7,11.3,1990
El Salvador,3.8,15.4,1989
El Salvador,3,11.8,1988
El Salvador,0.7,2.2,1986
El Salvador,12.1,45.7,1985
Estonia,3.5,7.2,2005
Estonia,3.6,8.1,2004
Estonia,3.8,8.4,2003
Estonia,4.2,9.6,2002
Estonia,3.9,9.9,2001
Estonia,4.6,9.7,2000
Estonia,5.9,10.3,1999
Estonia,6.5,11.2,1998
Estonia,6.4,11.8,1997
Estonia,7.2,12.1,1996
Estonia,7.8,12.5,1995
Estonia,10.3,17.6,1994
Estonia,11.5,20.1,1993
Estonia,13.2,22.5,1992
Estonia,14,24,1991
Estonia,15.2,26.5,1990
Estonia,14.9,27.2,1989
Ethiopia,75.5,84.3,2005
Ethiopia,4.6,10.4,2004
Finland,2.9,6.5,2005
Finland,3,6.6,2004
Finland,3.3,6.6,2003
Finland,3.7,6.8,2002
Finland,3.8,7.4,2001
Finland,3.9,7.9,2000
Finland,4.2,8.1,1999
Finland,4.5,8.1,1998
Finland,4.9,8.8,1997
Finland,5.3,9.2,1996
Finland,5.7,10,1995
Finland,6,10.9,1994
Finland,6.1,11.3,1993
Finland,6.3,11.2,1992
Finland,6.6,10.7,1991
Finland,6.7,10.8,1990
Finland,6.7,11.5,1989
Finland,7.2,11.8,1988
Finland,7.7,12.5,1987
Finland,8.3,13.1,1986
Finland,9,13.4,1985
France,2.4,5,2005
France,2.8,5,2004
France,2.9,5.5,2003
Gabon,60.8,25.6,1993
Gambia The,76.5,53.7,1993
Georgia,57.2,51.7,2005
Georgia,56.5,51.7,2004
Georgia,56.8,53.1,2003
Georgia,55.3,52.4,2002
Georgia,52.8,52.7,2001
Georgia,57.5,47,2000
Georgia,54.1,50.4,1999
Georgia,50.9,46.2,1998
Germany,1.7,2.9,2005
Germany,1.7,2.8,2004
Germany,1.9,3,2003
Germany,2,3,2002
Germany,2.1,2.9,2001
Germany,2.2,3.1,2000
Germany,2.3,3.2,1999
Germany,2.5,3.1,1998
Germany,2.6,3.2,1997
Germany,2.7,3.2,1996
Germany,3.1,3.3,1995
Germany,3.2,3.4,1994
Germany,3.4,3.5,1993
Germany,3.7,3.8,1992
Germany,4.2,4.2,1991
Germany,3.8,3.4,1990
Germany,4.1,3.5,1989
Germany,4.5,3.7,1988
Germany,4.8,3.8,1987
Germany,5.2,3.9,1986
Germany,5.5,4,1985
Ghana,50.3,59.8,1999
Ghana,58.7,66.2,1992
Greece,13.9,11.5,2005
Greece,14.1,11.7,2004
Greece,16.9,14.3,2003
Greece,17.2,14.4,2002
Greece,17.7,15.2,2001
Greece,19.6,16.1,2000
Greece,19.8,16.1,1999
Greece,20.5,16.4,1998
Greece,23.1,17.9,1997
Greece,23.9,18.2,1996
Greece,23.9,18.5,1995
Greece,24.8,18.7,1994
Greece,25.4,19.2,1993
Greece,26.4,19.5,1992
Greece,26.7,19.9,1991
Greece,30.3,20.4,1990
Greece,32.3,21.6,1989
Greece,34.1,22.6,1988
Greece,35.4,22.6,1987
Greece,37.3,24,1986
Greece,37.9,24.3,1985
Grenada,9.7,16.5,1998
Grenada,11.9,18.2,1996
Grenada,13.2,23.4,1994
Grenada,9.7,17.7,1991
Grenada,14.8,23.7,1988
Guatemala,18.1,50.1,2002
Guatemala,15.3,48.1,2000
Guatemala,17,49.7,1998
Guatemala,17.4,60.4,1994
Guatemala,16,61.3,1989
Guinea,78.8,72.9,1994
Guyana,16.3,33.5,1997
Guyana,17.1,36.2,1992
Haiti,37.3,62.5,1999
Honduras,13.1,51.3,2005
Honduras,7.2,48.4,2004
Honduras,8.7,51.9,2003
Honduras,8.8,52.7,2002
Honduras,6.7,50.2,2001
Honduras,8.9,49.8,1999
Honduras,7.8,48.6,1998
Honduras,7.1,52.5,1997
Honduras,7.6,53.5,1996
Honduras,6.4,50.4,1995
Honduras,5.9,51,1994
Honduras,2,12.8,1993
Honduras,6.2,52.7,1992
Honduras,5.8,65.2,1990
Honduras,0.5,5.4,1987
Honduras,0.7,5.4,1986
Honduras,0.3,1.5,1985
Hong Kong SAR,0.2,0.4,2005
Hong Kong SAR,0.2,0.3,2004
Hong Kong SAR,0.2,0.3,2003
Hong Kong SAR,0.2,0.4,2002
Hong Kong SAR,0.1,0.3,2001
Hong Kong SAR,0.2,0.3,2000
Hong Kong SAR,0.2,0.4,1999
Hong Kong SAR,0.2,0.4,1998
Hong Kong SAR,0.2,0.4,1997
Hong Kong SAR,0.3,0.5,1996
Hong Kong SAR,0.4,0.7,1995
Hong Kong SAR,0.4,0.8,1994
Hong Kong SAR,0.4,0.8,1993
Hong Kong SAR,0.4,0.8,1992
Hong Kong SAR,0.6,0.9,1991
Hong Kong SAR,0.7,1,1990
Hong Kong SAR,1.1,1.1,1989
Hong Kong SAR,1.3,1.3,1988
Hong Kong SAR,1.4,1.6,1987
Hong Kong SAR,1.4,1.7,1986
Hong Kong SAR,1.5,1.7,1985
Hungary,2.7,6.9,2005
Hungary,2.6,7.5,2004
Hungary,2.7,7.8,2003
Hungary,3.6,8.4,2002
Hungary,3.5,8.4,2001
Hungary,3.6,9,2000
Hungary,3.9,9.7,1999
Hungary,4.1,10.4,1998
Hungary,4.4,10.6,1997
Hungary,4.5,11.3,1996
Hungary,4.7,10.7,1995
Hungary,5.5,11.4,1994
Iceland,3.3,9.4,2005
Iceland,3.4,9.2,2004
Iceland,2.7,10.6,2003
Iceland,3.5,10.6,2002
Iceland,3.5,11.5,2001
Iceland,4.4,11.7,2000
Iceland,4.6,12.8,1999
Iceland,4.8,12,1998
Iceland,4.3,12.3,1997
Iceland,4.7,13.8,1996
Iceland,4.4,14,1995
Iceland,4.2,13.2,1994
Iceland,3.3,14.3,1993
Iceland,4.5,15.5,1992
Iceland,5.1,14.4,1991
Indonesia,45.2,43.4,2005
Indonesia,44.6,42.6,2004
Indonesia,47.3,45.7,2003
Indonesia,45.4,43.7,2002
Indonesia,44.5,43.3,2001
Indonesia,46.6,44.2,2000
Indonesia,43.1,43.3,1999
Indonesia,46,44.3,1998
Indonesia,42,40.7,1997
Indonesia,45,43.4,1996
Indonesia,43.8,44.1,1995
Indonesia,47.3,45.4,1994
Indonesia,51.2,50.2,1993
Indonesia,56.5,53.8,1992
Indonesia,54.5,53.5,1991
Indonesia,56.3,55.6,1990
Indonesia,57,55.7,1989
Indonesia,56.8,55.4,1988
Indonesia,55.7,54.6,1987
Indonesia,55.7,54.7,1986
Indonesia,53.6,55.3,1985
Iran,34.2,22.8,2005
Iran,32.6,23.9,1996
Iraq,1.3,14,2004
Ireland,1.4,9.3,2005
Ireland,1.8,9.9,2004
Ireland,1.7,9.9,2003
Ireland,1.8,10.6,2002
Ireland,2.1,10.6,2001
Ireland,2.4,11.8,2000
Ireland,2.8,12.7,1999
Ireland,3,13.3,1998
Ireland,3.3,14.9,1997
Ireland,3.2,15.3,1996
Ireland,3.3,16.7,1995
Ireland,3.6,17.2,1994
Ireland,3.4,17.9,1993
Ireland,3.6,19.1,1992
Ireland,4.4,19.1,1991
Ireland,4.4,20.7,1990
Ireland,4.1,20.6,1989
Ireland,4.6,20.9,1988
Ireland,5.3,20.7,1987
Ireland,5.4,20.6,1986
Ireland,0.5,20.1,1985
Isle of Man,0,2.2,2001
Isle of Man,0,0,1996
Isle of Man,0.8,0,1991
Israel,0.8,3.1,2005
Israel,0.8,3.1,2004
Israel,0.7,2.8,2003
Israel,0.6,3,2002
Israel,0.9,3.1,2001
Israel,1.1,3.2,2000
Israel,1.1,3.3,1999
Israel,1,3.3,1998
Israel,1.1,3.4,1997
Israel,1.2,3.6,1996
Israel,1.8,4.2,1995
Israel,1.9,4.4,1994
Israel,1.9,4.7,1993
Israel,1.9,4.6,1992
Israel,2.3,4.6,1991
Israel,2.4,5.3,1990
Israel,2.4,6.1,1989
Israel,2.8,6,1988
Israel,2.5,6.6,1987
Israel,3,6.7,1986
Israel,3.3,6.8,1985
Italy,4,4.8,2005
Italy,4.2,5.4,2003
Italy,4.5,5.5,2002
Italy,4.5,5.6,2001
Italy,4.7,5.7,2000
Italy,5.3,5.8,1999
Italy,5.7,6.1,1998
Italy,5.9,6.3,1997
Italy,6.6,6.5,1996
Italy,7.1,6.6,1995
Italy,7.7,6.8,1994
Italy,8.5,7,1993
Italy,8.8,7.9,1992
Italy,9.1,8.3,1991
Italy,9.5,8.7,1990
Italy,9.9,9.1,1989
Italy,10.7,9.6,1988
Italy,11.5,10.2,1987
Italy,11.9,10.3,1986
Italy,8.5,10.6,1985
Jamaica,8.8,25,2005
Jamaica,8.8,25.5,2004
Jamaica,9.9,28.6,2003
Jamaica,9.6,27.4,2002
Jamaica,9.2,28.4,2001
Jamaica,8.9,28.8,2000
Jamaica,9.9,28.7,1999
Jamaica,10.1,29,1998
Jamaica,11.3,29.2,1997
Jamaica,11.7,31,1996
Jamaica,12.1,31.8,1995
Jamaica,12,32.6,1994
Jamaica,15.9,34,1993
Jamaica,4.5,35.9,1992
Japan,4.7,4.4,2005
Japan,4.9,4.4,2004
Japan,4.9,4.5,2003
Japan,5.2,4.5,2002
Japan,5.5,4.6,2001
Japan,5.7,4.7,2000
Japan,5.9,4.8,1999
Japan,6,4.8,1998
Japan,6.2,4.9,1997
Japan,6.5,5,1996
Japan,6.5,5.2,1995
Japan,6.7,5.3,1994
Japan,7.3,5.4,1993
Japan,7.8,5.8,1992
Japan,8.5,6,1991
Japan,8.9,6.3,1990
Japan,9.4,6.7,1989
Japan,9.9,6.9,1988
Japan,10.1,7.2,1987
Japan,10.6,7.3,1986
Japan,2,7.6,1985
Jordan,2.5,3.8,2003
Jordan,2.7,4.1,2002
Jordan,3.6,4.2,2001
Jordan,3.9,5.1,2000
Jordan,1.8,6.9,1987
Jordan,32,5.8,1986
Kazakhstan,34,34.9,2004
Kazakhstan,34.7,36.4,2003
Kazakhstan,34.2,36.2,2002
Kazakhstan,15.7,36.8,2001
Kenya,15.7,19.8,1999
Kenya,19.8,19.7,1998
Kenya,20.7,18.6,1991
Kenya,8.9,18.7,1990
Korea Rep,9.2,7.2,2005
Korea Rep,10.1,7.3,2004
Korea Rep,10.7,7.9,2003
Korea Rep,11.3,8.4,2002
Korea Rep,12.2,9,2001
Korea Rep,13.3,9.5,2000
Korea Rep,14.6,10.4,1999
Korea Rep,13.2,10.9,1998
Korea Rep,13.6,9.9,1997
Korea Rep,14.6,10.3,1996
Korea Rep,16.1,10.9,1995
Korea Rep,17.3,12.1,1994
Korea Rep,18.3,13,1993
Korea Rep,18.5,14,1992
Korea Rep,20.3,14.9,1991
Korea Rep,21.9,16.3,1990
Korea Rep,22.9,18,1989
Korea Rep,24.3,19.1,1988
Korea Rep,26.3,20.2,1987
Korea Rep,27.8,21.9,1986
Korea Rep,38.7,23.1,1985
Kyrgyzstan,43,39.1,2004
Kyrgyzstan,48.7,43.4,2003
Kyrgyzstan,54.8,49.4,2002
Kyrgyzstan,54.8,51.4,2001
Kyrgyzstan,53.2,51.7,2000
Kyrgyzstan,49,51.7,1999
Kyrgyzstan,48.7,49,1998
Kyrgyzstan,47.4,47.9,1997
Kyrgyzstan,89.3,46.9,1996
Lao PDR,8.1,81.2,1995
Latvia,9.9,15.3,2005
Latvia,9.9,16,2004
Latvia,11.3,16.7,2003
Latvia,11.6,18.3,2002
Latvia,12.2,18,2001
Latvia,14.3,16.2,2000
Latvia,16.3,17.8,1999
Latvia,18.7,20.7,1998
Latvia,13.3,23.2,1997
Latvia,45.1,19.8,1996
Lesotho,11.4,65.6,1997
Lithuania,13.4,16.6,2005
Lithuania,14.5,18.2,2004
Lithuania,14.2,21.2,2003
Lithuania,12.9,21.4,2002
Lithuania,15.1,21.9,2001
Lithuania,15.5,22.4,2000
Lithuania,15.8,23.1,1999
Lithuania,16.5,22.4,1998
Lithuania,17.1,27,1997
Lithuania,16.5,31.2,1996
Lithuania,16.3,31.2,1995
Lithuania,17.7,30.5,1994
Lithuania,15.3,27.9,1993
Lithuania,13.4,24.5,1992
Lithuania,12.9,22.9,1991
Lithuania,12.7,25.9,1990
Lithuania,12.6,23.6,1989
Lithuania,13,22.8,1988
Lithuania,13.3,23.4,1987
Lithuania,13.9,25.8,1986
Lithuania,2.9,26,1985
Luxembourg,3.1,3.4,1990
Luxembourg,3.4,3.6,1989
Luxembourg,3.6,3.7,1988
Luxembourg,3.9,3.7,1987
Luxembourg,4.2,3.8,1986
Luxembourg,0.2,4.1,1985
Macau SAR,0.2,0.2,2005
Macau SAR,0.2,0.3,2004
Macau SAR,0.2,0.3,2003
Macau SAR,0.1,0.2,2002
Macau SAR,0.1,0.1,2001
Macau SAR,0,0.2,2000
Macau SAR,0.1,0.1,1999
Macau SAR,0,0.2,1998
Macau SAR,0,0.2,1997
Macau SAR,0.1,0.3,1996
Macau SAR,0,0.3,1995
Macau SAR,0.1,0,1994
Macau SAR,0.1,0.3,1993
Macau SAR,0.1,0.3,1992
Macau SAR,0.1,0.1,1991
Macau SAR,0.2,0.2,1990
Macau SAR,19.2,0.9,1989
Macedonia,15,19.8,2005
Macedonia,22.2,18,2004
Macedonia,24.7,21.9,2003
Macedonia,79.3,23.4,2002
Madagascar,11,76.7,2003
Malaysia,11.6,16.1,2003
Malaysia,12,16.8,2002
Malaysia,14,16.8,2001
Malaysia,13.4,20.7,2000
Malaysia,15,20.9,1999
Malaysia,14.2,20.7,1998
Malaysia,17,18.9,1997
Malaysia,16.9,20.6,1996
Malaysia,19,21.6,1995
Malaysia,20.1,22.2,1993
Malaysia,25.3,22.7,1992
Malaysia,28.2,26.4,1990
Malaysia,30.3,28.9,1989
Malaysia,30.8,30.7,1988
Malaysia,32.5,30.9,1987
Malaysia,33.8,29.7,1986
Malaysia,9,28.6,1985
Maldives,5.4,21.8,2003
Maldives,9,17.9,2000
Maldives,29.9,27,1995
Mali,0.7,49.8,2004
Malta,0.7,2.7,2005
Malta,0.4,2.3,2004
Malta,0.4,2.3,2003
Malta,0.5,2.4,2002
Malta,0.2,2.8,2001
Malta,0.6,2.5,2000
Malta,0.6,2.3,1999
Malta,0.6,2.3,1998
Malta,0.6,2.4,1997
Malta,0.7,2.3,1996
Malta,0.6,2.4,1995
Malta,1.2,2.4,1994
Malta,1.2,3,1991
Malta,1.2,3,1990
Malta,1.3,3,1989
Malta,1.3,2.9,1988
Malta,1.8,2.6,1987
Malta,2.2,2.7,1986
Malta,8.9,4.9,1985
Mauritius,8.2,10.5,2005
Mauritius,7.9,10.9,2004
Mauritius,8.3,10.9,2003
Mauritius,10,11.1,2002
Mauritius,10.6,12.5,2001
Mauritius,8.7,12.9,2000
Mauritius,9.7,12.4,1999
Mauritius,10.3,12.9,1998
Mauritius,11.2,13.5,1997
Mauritius,11.6,13.8,1996
Mauritius,11.9,14.2,1995
Mauritius,12.7,14.5,1994
Mauritius,13.5,15,1992
Mauritius,5,15.7,1990
Mexico,5.7,20.9,2005
Mexico,5.3,21.9,2004
Mexico,6.3,22.3,2003
Mexico,6.1,23.6,2002
Mexico,6.9,23.6,2001
Mexico,8.3,23.1,2000
Mexico,7.7,25.1,1999
Mexico,11.9,24.4,1998
Mexico,9.9,29.6,1997
Mexico,10.3,27.8,1996
Mexico,11.1,30.3,1995
Mexico,10.8,33.9,1993
Mexico,3.4,33.8,1991
Mexico,36.8,28.6,1990
Mongolia,37.6,43,2005
Mongolia,39.8,42.9,2004
Mongolia,42.4,43.8,2003
Mongolia,46.5,47.4,2002
Mongolia,46.5,50.1,2001
Mongolia,48.3,50.6,2000
Mongolia,48.7,50.6,1999
Mongolia,48.2,50.7,1998
Mongolia,45,49.7,1997
Mongolia,45,47.9,1996
Mongolia,43.5,47.1,1995
Mongolia,36.9,45.8,1994
Mongolia,3.7,41.9,1993
Montserrat,61.4,8.8,1991
Morocco,60.4,39.6,2005
Morocco,56.8,40.4,2004
Morocco,57.1,39.2,2003
Morocco,29.1,40.1,2002
Namibia,39.1,32.8,2000
Namibia,52,37.6,1997
Namibia,76,45.2,1991
Nepal,85.2,59.6,2001
Nepal,90.5,67.1,1999
Nepal,2,74.9,1991
Netherlands,2,3.9,2005
Netherlands,1.8,3.9,2004
Netherlands,2,3.5,2003
Netherlands,2.2,3.7,2002
Netherlands,2.2,3.4,2001
Netherlands,2.1,3.8,2000
Netherlands,2.3,3.7,1999
Netherlands,2.5,3.9,1998
Netherlands,2.5,4.4,1997
Netherlands,2.1,4.6,1996
Netherlands,2.6,4.5,1995
Netherlands,2.5,4.9,1994
Netherlands,2.5,4.7,1993
Netherlands,3.3,4.8,1992
Netherlands,3.4,5.3,1991
Netherlands,3.3,5.2,1990
Netherlands,3.4,5.4,1989
Netherlands,3.3,5.5,1988
Netherlands,3.1,5.6,1987
Netherlands,0.2,6.3,1985
Netherlands Antilles,0.2,2,2000
Netherlands Antilles,0.3,1.8,1998
Netherlands Antilles,0.3,1.6,1997
Netherlands Antilles,0.3,1.2,1996
Netherlands Antilles,0.2,1.1,1995
Netherlands Antilles,0.3,1,1994
Netherlands Antilles,0.2,1,1993
Netherlands Antilles,4.1,0.8,1992
New Caledonia,5,9.2,1996
New Zealand,5.2,8.9,2005
New Zealand,5.4,9.5,2004
New Zealand,5.7,10.4,2003
New Zealand,6,11.4,2002
New Zealand,5.8,11.6,2001
New Zealand,6.7,11,2000
New Zealand,5.7,11.6,1999
New Zealand,5.6,10.7,1998
New Zealand,6.4,11.1,1997
New Zealand,6.6,12,1996
New Zealand,7.3,12.1,1995
New Zealand,7.5,12.8,1994
New Zealand,7.6,12.9,1993
New Zealand,7.7,13.4,1992
New Zealand,7.8,13.2,1991
New Zealand,7.4,12.8,1990
New Zealand,7.4,12.4,1989
New Zealand,7.5,12.5,1988
New Zealand,7.6,12.4,1987
New Zealand,10,12.8,1986
Nicaragua,1.2,41.2,2003
Nicaragua,1.4,10.7,2002
Nicaragua,11.3,8.1,2001
Nicaragua,15.3,44.2,2000
Nicaragua,0.8,9.8,1999
Nicaragua,0.8,5.4,1998
Nicaragua,0.6,6,1997
Nicaragua,0.5,5.4,1996
Nicaragua,0.4,5.3,1995
Nicaragua,1.9,3.8,1993
Nigeria,1.6,3.7,1995
Norway,1.7,4.8,2005
Norway,1.9,5.1,2004
Norway,2,5.3,2003
Norway,2.1,5.4,2002
Norway,2.3,5.5,2001
Norway,2.6,5.7,2000
Norway,2.7,6.3,1999
Norway,2.5,6.4,1998
Norway,2.9,6.6,1997
Norway,2.9,7,1996
Norway,2.9,6.8,1995
Norway,3.2,7.3,1994
Norway,3.2,7.6,1993
Norway,3.3,7.4,1992
Norway,3.9,7.9,1991
Norway,4.1,8.3,1990
Norway,4.1,8.5,1989
Norway,4.1,8.1,1988
Norway,5,8.5,1987
Norway,4.7,9,1986
Norway,5.4,9.2,1985
Oman,5,6.6,2000
Oman,4.8,7.5,1996
Oman,67.3,9.6,1993
Pakistan,67.3,38.1,2005
Pakistan,64.6,38.1,2004
Pakistan,64.6,38.2,2003
Pakistan,72.9,38.2,2002
Pakistan,72.9,44.4,2001
Pakistan,69.5,44.4,2000
Pakistan,69.5,43.6,1999
Pakistan,66.4,43.7,1998
Pakistan,67.4,40.7,1997
Pakistan,67.4,43.9,1996
Pakistan,72.3,43.9,1995
Pakistan,69.5,46.2,1994
Pakistan,68.8,44,1993
Pakistan,66,44.8,1992
Pakistan,72.2,44.8,1991
Pakistan,72.2,48.4,1990
Pakistan,72.2,48.4,1989
Pakistan,76,48.4,1988
Pakistan,78.4,45.2,1987
Pakistan,75.1,51.2,1986
Pakistan,33.7,47.9,1985
"Palestinian Territory, Occupied",33.7,12,2004
"Palestinian Territory, Occupied",29.9,11.9,2003
"Palestinian Territory, Occupied",26,11.9,2002
"Palestinian Territory, Occupied",34.6,9.1,2001
"Palestinian Territory, Occupied",31.9,9.8,2000
"Palestinian Territory, Occupied",29.1,9.3,1999
"Palestinian Territory, Occupied",30,9.5,1998
"Palestinian Territory, Occupied",29,10.3,1997
"Palestinian Territory, Occupied",4.3,11.8,1996
Panama,3,22.2,2005
Panama,3.7,23.1,2004
Panama,3,24.9,2003
Panama,3,24.9,2002
Panama,1.7,25.5,2001
Panama,1.9,24.7,2000
Panama,1.9,25.3,1999
Panama,2.3,25.7,1998
Panama,2.6,26.9,1997
Panama,3.3,28.5,1996
Panama,2.5,29.1,1995
Panama,3,28.2,1994
Panama,3,32.2,1993
Panama,2.8,34.7,1992
Panama,4.5,37.5,1991
Panama,5.1,40.9,1989
Panama,5,41.1,1988
Panama,4.2,36.4,1987
Panama,4.7,39.2,1986
Panama,20,39.8,1985
Paraguay,19.2,38.7,2003
Paraguay,20.3,41.3,2002
Paraguay,19.8,39,2001
Paraguay,16.6,37.7,2000
Paraguay,14.1,38.3,1999
Paraguay,13.6,36.7,1998
Paraguay,2.8,35.8,1997
Paraguay,36.5,6.9,1996
Paraguay,0.8,42.5,1995
Paraguay,0.5,6,1994
Paraguay,0.4,2.4,1993
Paraguay,0.4,2.9,1992
Paraguay,0.8,1.7,1991
Paraguay,0.6,3.1,1990
Paraguay,0.8,3,1989
Paraguay,0.8,4,1988
Paraguay,1.1,4.5,1987
Paraguay,0.5,4.7,1986
Paraguay,0.2,4.4,1985
Peru,0.4,1.1,2005
Peru,0.3,1.1,2004
Peru,0.5,1.1,2003
Peru,6.1,1.2,2002
Peru,3.9,10.9,2001
Peru,3.3,8.9,2000
Peru,3.1,7.9,1999
Peru,4.7,7,1998
Peru,3.6,9.8,1997
Peru,0.4,7.6,1996
Peru,0.3,1.6,1995
Peru,0.3,0.5,1994
Peru,0.3,0.9,1993
Peru,0.4,1.1,1992
Peru,0.6,1.2,1991
Peru,24.8,1.7,1990
Philippines,24.7,44.7,2005
Philippines,25.1,44.6,2004
Philippines,25.1,44.7,2003
Philippines,24.9,45.3,2002
Philippines,24.5,45.4,2001
Philippines,25.7,45.3,2000
Philippines,27.3,45.4,1999
Philippines,28.4,47.4,1998
Philippines,30.3,47.6,1997
Philippines,31.1,48.4,1996
Philippines,30.5,51.7,1995
Philippines,32.7,52.8,1994
Philippines,31.7,53.4,1993
Philippines,30.1,53.4,1992
Philippines,31.3,53.9,1991
Philippines,30.9,53.1,1990
Philippines,32,53.2,1989
Philippines,32.7,54.3,1988
Philippines,35.1,56.4,1987
Philippines,35,58.4,1986
Philippines,16.6,58.3,1985
Poland,17.2,18,2005
Poland,17.6,18.6,2004
Poland,18.8,19.1,2003
Poland,19,19.8,2002
Poland,18.3,19.2,2001
Poland,17.5,19.1,2000
Poland,19,18.5,1999
Poland,20.3,19.4,1998
Poland,22,20.7,1997
Poland,22.5,22.2,1996
Poland,24,22.7,1995
Poland,12.9,24,1994
Portugal,12.7,10.9,2005
Portugal,13.4,11.5,2004
Portugal,13.7,11.8,2003
Portugal,14.2,11.3,2002
Portugal,14.2,11.5,2001
Portugal,14.3,11.3,2000
Portugal,15.1,11.3,1999
Portugal,15.6,12.1,1998
Portugal,13.6,11.9,1997
Portugal,12.6,11.1,1996
Portugal,13.1,10.5,1995
Portugal,12.8,10.6,1994
Portugal,12.9,10.4,1993
Portugal,20.6,10.2,1992
Portugal,21.1,15.1,1991
Portugal,22.6,15.6,1990
Portugal,24.9,16.4,1989
Portugal,27.1,17.7,1988
Portugal,26.6,18.7,1987
Portugal,28.4,18.8,1986
Portugal,0.4,20.7,1985
Puerto Rico,0.2,3.3,2005
Puerto Rico,0.2,3.5,2004
Puerto Rico,0.2,3.4,2003
Puerto Rico,0.2,3.3,2002
Puerto Rico,0.2,3.4,2001
Puerto Rico,0.2,3.1,2000
Puerto Rico,0.2,3.5,1999
Puerto Rico,0.4,4,1998
Puerto Rico,0.2,4.5,1997
Puerto Rico,0.2,4.3,1996
Puerto Rico,0.2,4.7,1995
Puerto Rico,0.5,5.6,1994
Puerto Rico,0.3,5.4,1993
Puerto Rico,0.3,5.4,1992
Puerto Rico,0.3,5.7,1991
Puerto Rico,0.3,5.5,1990
Puerto Rico,0.3,6,1989
Puerto Rico,0.3,6,1988
Puerto Rico,0.3,5.6,1987
Puerto Rico,0.3,7.2,1986
Puerto Rico,0.1,8,1985
Qatar,0,3.2,2004
Qatar,0,2.7,2001
Qatar,40.3,4.3,1997
Republic of Moldova,40.1,41.1,2005
Republic of Moldova,41.7,41,2004
Republic of Moldova,48.6,44.3,2003
Republic of Moldova,50.3,50.7,2002
Republic of Moldova,49.8,51.8,2001
Republic of Moldova,33,52,2000
Romania,32.3,31.4,2005
Romania,37.3,31,2004
Romania,38.5,34.4,2003
Romania,45.1,34.6,2002
Romania,45.6,39.9,2001
Romania,45.1,40.4,2000
Romania,43.7,38.9,1999
Romania,43.4,36.9,1998
Romania,42.4,35.3,1997
Romania,46.2,34.3,1996
Romania,44,35.3,1995
Romania,40.4,34.8,1994
Romania,37.7,32.2,1993
Romania,33.7,28.8,1992
Romania,34.3,26.3,1991
Romania,34.6,24.6,1990
Romania,35.5,22.4,1989
Romania,36.1,22.5,1988
Romania,36.2,22.3,1987
Romania,36.6,22.5,1986
Romania,8,22.6,1985
Russian Federation,7.9,12.3,2005
Russian Federation,8.2,12.4,2004
Russian Federation,8.9,13.4,2003
Russian Federation,9.3,13.6,2002
Russian Federation,11.7,14.6,2001
Russian Federation,12.3,17.1,2000
Russian Federation,7.5,17.5,1999
Russian Federation,7.9,15.5,1998
Russian Federation,95.9,16,1997
Rwanda,8.6,83.4,1989
Saint Lucia,8.4,13.7,2003
Saint Lucia,14.3,14.8,2002
Saint Lucia,15.9,26.1,2000
Saint Lucia,16.5,26.5,1999
Saint Lucia,13.8,28,1998
Saint Lucia,18.8,25.5,1997
Saint Lucia,17.7,30.2,1996
Saint Lucia,17.7,29.3,1995
Saint Lucia,14.9,33.6,1994
Saint Lucia,0.3,30,1993
San Marino,0.3,0.5,2004
San Marino,0.3,0.4,2003
San Marino,0.4,0.5,2002
San Marino,1.4,0.5,2001
San Marino,1.4,1.3,1999
San Marino,1.5,1.3,1998
San Marino,1.5,1.4,1997
San Marino,1.6,1.5,1996
San Marino,2.3,1.5,1995
San Marino,2.3,1.9,1993
San Marino,2.5,2.1,1992
San Marino,2.7,2.2,1991
San Marino,2.7,2.4,1990
San Marino,3.1,2.6,1989
San Marino,3.2,2.8,1988
San Marino,3.4,3,1987
San Marino,3.7,3.1,1986
San Marino,22.8,3.3,1985
Sao Tome and Principe,0.6,30.6,2000
Saudi Arabia,0.8,5.3,2002
Saudi Arabia,2.3,6.8,2001
Saudi Arabia,1,6.7,2000
Saudi Arabia,0,7.1,1999
Singapore,0.2,0,2005
Singapore,0.1,0.4,2004
Singapore,0.1,0.4,2003
Singapore,0.2,0.4,2002
Singapore,0,0.4,2001
Singapore,0.1,0,2000
Singapore,0.1,0.4,1999
Singapore,0.2,0.3,1998
Singapore,0.1,0.4,1997
Singapore,0.1,0.3,1996
Singapore,0.1,0.3,1995
Singapore,0,0.4,1994
Singapore,0.1,0.4,1993
Singapore,0.1,0.5,1992
Singapore,0.2,0.4,1991
Singapore,0.2,0.6,1989
Singapore,0.5,0.6,1988
Singapore,0.6,1.1,1987
Singapore,0.4,1,1986
Singapore,2.6,0.8,1985
Slovakia,2.8,6.4,2005
Slovakia,3.5,6.9,2004
Slovakia,4.1,7.7,2003
Slovakia,3.7,8,2002
Slovakia,4,8.2,2001
Slovakia,4.7,8.9,2000
Slovakia,5.6,9.6,1999
Slovakia,6.4,10.4,1998
Slovakia,6.4,11.4,1997
Slovakia,6.4,10.9,1996
Slovakia,7.1,11.4,1995
Slovakia,9,12.6,1994
Slovenia,9.7,8.6,2005
Slovenia,8.3,9.6,2004
Slovenia,9.7,8.4,2003
Slovenia,9.6,9.6,2002
Slovenia,9.7,10.1,2001
Slovenia,11,9.4,2000
Slovenia,12.1,10.6,1999
Slovenia,12.5,11.7,1998
Slovenia,9.5,11.8,1997
Slovenia,10.8,10.7,1996
Slovenia,11.1,10.4,1995
Slovenia,10.1,11.9,1994
Slovenia,7.4,11.1,1993
South Africa,10.1,12.6,2003
South Africa,6.8,13.9,2002
South Africa,14.7,12,2001
South Africa,8.9,14.3,2000
South Africa,3.6,12.3,1999
Spain,3.7,6.4,2005
Spain,4,6.7,2004
Spain,4.1,6.8,2003
Spain,4.5,7.1,2002
Spain,4.7,7.6,2001
Spain,5,7.7,2000
Spain,5.5,8.3,1999
Spain,5.9,9,1998
Spain,6.2,9.3,1997
Spain,7,9.5,1996
Spain,7.4,9.8,1995
Spain,7.8,10.4,1994
Spain,8.1,10.6,1993
Spain,8.9,10.5,1992
Spain,10.2,11.5,1991
Spain,11.2,12.6,1990
Spain,12.4,13.9,1989
Spain,12.8,15.3,1988
Spain,13.8,16.1,1987
Spain,16.5,17.1,1986
Spain,40,19.1,1985
Sri Lanka,27.1,31.8,2002
Sri Lanka,48.8,21.7,2001
Sri Lanka,40.2,37.7,1998
Sri Lanka,41.5,32.8,1996
Sri Lanka,46.5,35.5,1995
Sri Lanka,42.6,40.8,1994
Sri Lanka,54.2,36.9,1993
Sri Lanka,7.6,47.2,1985
St Vincent and the Grenadines,13.9,20.2,2001
St Vincent and the Grenadines,1.8,30.6,1991
Suriname,3.2,8.4,1999
Suriname,2.9,6.7,1998
Suriname,1.8,6.3,1997
Suriname,3.3,7.9,1996
Suriname,2.3,8.8,1995
Suriname,2.3,8.1,1994
Suriname,3.2,5.7,1993
Suriname,2.2,4.8,1992
Suriname,0.9,4.6,1990
Sweden,0.9,3,2005
Sweden,0.9,3.2,2004
Sweden,1,3.2,2003
Sweden,1.1,3.2,2002
Sweden,1.2,3.3,2001
Sweden,1.3,3.5,2000
Sweden,1.4,3.7,1999
Sweden,1.4,3.7,1998
Sweden,1.4,4,1997
Sweden,1.6,4.3,1996
Sweden,1.8,4.5,1995
Sweden,1.9,5,1994
Sweden,1.9,4.9,1993
Sweden,1.8,4.7,1992
Sweden,1.8,4.7,1991
Sweden,1.9,4.9,1990
Sweden,2.1,5.2,1989
Sweden,2.4,5.5,1988
Sweden,2.6,5.5,1987
Sweden,2.7,5.2,1986
Sweden,2.8,6.8,1985
Switzerland,2.9,4.7,2005
Switzerland,3.2,4.7,2004
Switzerland,3.3,5,2003
Switzerland,3.4,5,2002
Switzerland,3.9,5.1,2001
Switzerland,3.8,5.3,2000
Switzerland,3.7,5.8,1999
Switzerland,3.7,5.5,1998
Switzerland,3.7,5.6,1997
Switzerland,3.7,5.5,1996
Switzerland,4.1,5,1995
Switzerland,4.2,4.7,1994
Switzerland,4,4.8,1993
Switzerland,3.9,4.4,1992
Switzerland,3.5,4.6,1991
Switzerland,3.7,4.8,1990
Switzerland,4,5.1,1989
Switzerland,4.3,5.5,1988
Switzerland,4.5,5.9,1987
Switzerland,4.8,6.4,1986
Switzerland,49.1,6.8,1985
Syria,61.2,22.6,2003
Syria,56.7,24.7,2002
Syria,61.7,25.5,2001
Syria,50.2,26.2,2000
Syria,23.1,23.4,1999
Syria,60.2,17,1997
Syria,29.4,20.7,1995
Syria,52.7,22.6,1994
Syria,54.1,26,1993
Syria,47.3,23.1,1991
Syria,84,22.7,1989
Tanzania,90.4,80.2,2001
Tanzania,40.7,78,1991
Thailand,40.3,44.2,2005
Thailand,42.5,43.9,2004
Thailand,44,46.8,2003
Thailand,43.6,47.8,2002
Thailand,47.5,48,2001
Thailand,46.9,49.8,2000
Thailand,50,49.8,1999
Thailand,51.5,52.3,1998
Thailand,51.5,49.4,1997
Thailand,53.4,48.8,1996
Thailand,57,50.8,1995
Thailand,57.5,55.1,1994
Thailand,62.1,56.1,1993
Thailand,60.8,59.8,1992
Thailand,65,59.9,1991
Thailand,67.7,63.1,1990
Thailand,67.5,65.8,1989
Thailand,64.8,65.5,1988
Thailand,68.2,64,1987
Thailand,64.1,65.5,1986
Thailand,1.7,67.2,1985
Trinidad and Tobago,2,6.1,2005
Trinidad and Tobago,2,6.3,2004
Trinidad and Tobago,2,8.3,2003
Trinidad and Tobago,3.1,9.8,2002
Trinidad and Tobago,2.9,10.6,2001
Trinidad and Tobago,2.8,9.8,2000
Trinidad and Tobago,3.4,11.2,1999
Trinidad and Tobago,3.9,10.8,1998
Trinidad and Tobago,4.5,12.6,1997
Trinidad and Tobago,5,12.5,1996
Trinidad and Tobago,6.2,13.8,1995
Trinidad and Tobago,5.6,15.8,1994
Trinidad and Tobago,5.5,14.4,1993
Trinidad and Tobago,6.4,14.8,1992
Trinidad and Tobago,6.3,14.4,1991
Trinidad and Tobago,7.7,15.2,1990
Trinidad and Tobago,8.8,16.8,1989
Trinidad and Tobago,7.3,15.1,1988
Trinidad and Tobago,7.5,13.7,1987
Trinidad and Tobago,7.5,12.8,1986
Trinidad and Tobago,51.6,12.4,1985
Turkey,57.2,21.7,2005
Turkey,58.5,25.6,2004
Turkey,60,24.4,2003
Turkey,63.3,24.8,2002
Turkey,60.5,27.7,2001
Turkey,67.6,27,2000
Turkey,67,30.9,1999
Turkey,67.2,30.5,1998
Turkey,71.5,31,1997
Turkey,71.2,31.5,1996
Turkey,71.2,32.3,1995
Turkey,68.8,32.5,1994
Turkey,72.2,33.1,1993
Turkey,77.4,33.3,1992
Turkey,75.8,35,1991
Turkey,77.7,33.6,1990
Turkey,78.2,34.5,1989
Turkey,79,33.9,1988
Turkey,77.3,30.3,1985
Uganda,90.7,60.1,2003
Uganda,87.6,90.6,1992
Uganda,0.1,74.4,1989
United Arab Emirates,0.1,9,2000
United Arab Emirates,0.7,9,1995
United Kingdom,0.6,1.9,2005
United Kingdom,0.6,1.9,2004
United Kingdom,0.7,1.8,2003
United Kingdom,0.7,2,2002
United Kingdom,0.8,2,2001
United Kingdom,0.8,2.1,2000
United Kingdom,0.9,2.2,1999
United Kingdom,1,2.4,1998
United Kingdom,1.2,2.5,1997
United Kingdom,1.2,2.6,1996
United Kingdom,1.1,2.7,1995
United Kingdom,1.1,2.8,1994
United Kingdom,1.1,2.8,1993
United Kingdom,1.1,3.1,1992
United Kingdom,1.1,3.1,1991
United Kingdom,1,2.9,1990
United Kingdom,1.2,3.1,1989
United Kingdom,1.1,3.2,1988
United Kingdom,1.1,3.3,1987
United Kingdom,1.2,3.4,1986
United Kingdom,0.8,3.5,1985
United States of America,0.8,2.2,2005
United States of America,0.9,2.3,2004
United States of America,1.4,2.3,2003
United States of America,1.4,3.5,2002
United States of America,1.4,3.3,2001
United States of America,1.4,3.5,2000
United States of America,1.4,3.6,1999
United States of America,1.5,3.8,1998
United States of America,1.5,3.8,1997
United States of America,1.6,3.9,1996
United States of America,1.6,4,1995
United States of America,1.2,4,1994
United States of America,1.3,4,1993
United States of America,1.3,4.2,1992
United States of America,1.3,4.2,1991
United States of America,1.4,4.1,1990
United States of America,1.4,4.1,1989
United States of America,1.4,4.1,1988
United States of America,1.4,4.3,1987
United States of America,1.4,4.4,1986
United States of America,1.5,4.5,1985
Uruguay,1.7,7.1,2005
Uruguay,1.3,6.7,2003
Uruguay,1.7,6.4,2002
Uruguay,1.1,6.1,2001
Uruguay,1.2,6.2,2000
Uruguay,1.5,5.8,1999
Uruguay,1.6,5.7,1998
Uruguay,1.5,7.1,1995
Uruguay,0.9,6.2,1994
Uruguay,1,6,1993
Uruguay,0,7,1992
Uruguay,0,0,1991
Uruguay,0,0,1990
Uruguay,0,0,1989
Uruguay,0,0,1988
Uruguay,0,0,1987
Uruguay,2.3,0,1986
Venezuela,1.8,16,2003
Venezuela,1.5,14.8,2002
Venezuela,1.5,14.3,2001
Venezuela,1.7,15.1,2000
Venezuela,1.3,14.9,1999
Venezuela,1.5,14.7,1998
Venezuela,1.7,15.6,1997
Venezuela,1.8,19.3,1996
Venezuela,2.2,19.1,1995
Venezuela,1.7,19.2,1994
Venezuela,1.8,15.6,1993
Venezuela,2,16.5,1992
Venezuela,2.2,17.6,1991
Venezuela,2,18.5,1990
Venezuela,1.8,18.5,1989
Venezuela,2,18.4,1988
Venezuela,2.4,19.2,1987
Venezuela,2.2,20.5,1986
Venezuela,60,21.5,1985
Vietnam,61.7,55.9,2004
Vietnam,63.2,57.7,2003
Vietnam,65,61,2002
Vietnam,66.3,63,2001
Vietnam,65.5,64.2,2000
Vietnam,65.6,64.5,1999
Vietnam,66,63.9,1998
Vietnam,70.4,64.5,1997
Vietnam,87.8,69.5,1996
Yemen,85.8,43.1,1999
Yemen,86.9,46.6,1998
Yemen,83.1,45,1994
Yemen,78,43.5,1991
Zambia,76,64,1998
Zambia,69.5,59,1996
,,,
,,,
,,,
,,,
,,,
,,,
,,,
,,,
,,,
,,,
,,,
,,,
,,,
,,,
,,,
,,,
,,,
,,,
,,,
,,,
,,,
,,,
,,,
,,,
,,,
,,,
,,,
,,,
,,,
,,,
,,,
,,,
,,,
,,,
,,,
,,,
,,,
,,,
,,,
,,,
,,,
,,,
,,,
,,,
,,,
,,,
,,,
,,,
,,,
,,,
,,,
,,,
,,,
,,,
,,,
,,,
,,,
,,,
,,,
,,,
,,,
,,,
,,,
,,,
,,,
,,,
,,,
,,,
,,,
,,,
,,,
,,,
,,,
,,,
,,,
,,,
,,,
,,,
,,,
,,,
,,,
,,,
,,,
,,,
,,,
,,,
,,,
,,,
,,,
,,,
,,,
,,,
,,,
,,,
,,,
,,,
,,,
,,,
,,,
,,,
,,,
,,,
,,,
,,,
,,,
,,,
,,,
,,,
,,,
,,,
,,,
,,,
,,,
,,,
,,,
,,,
,,,
,,,
,,,
,,,
,,,
,,,
,,,
,,,
,,,
,,,
,,,
,,,
,,,
,,,
,,,
,,,
,,,
,,,
,,,
,,,
,,,
,,,
,,,
,,,
,,,
,,,
,,,
,,,
,,,
,,,
,,,
,,,
,,,
,,,
,,,
,,,
,,,
,,,
,,,
,,,
,,,
,,,
,,,
,,,
,,,
,,,
,,,
,,,
,,,
,,,
,,,
,,,
,,,
,,,
,,,
,,,
,,,
,,,
,,,
,,,
,,,
,,,
,,,
,,,
,,,
,,,
,,,
,,,
,,,
,,,
,,,
,,,
,,,
,,,
,,,
,,,
,,,
,,,
,,,
,,,
,,,
,,,
,,,
,,,
,,,
,,,
,,,
,,,
,,,
,,,
,,,
,,,
,,,
,,,
,,,
,,,
,,,
,,,
,,,
,,,
,,,
,,,
,,,
,,,
,,,
,,,
,,,
,,,
,,,
,,,
,,,
,,,
,,,
,,,
,,,
,,,
,,,
,,,
,,,
,,,
,,,
,,,
,,,
,,,
,,,
,,,
,,,
,,,
,,,
,,,
,,,
,,,
,,,
,,,
,,,
,,,
,,,
,,,
,,,
,,,
,,,
,,,
,,,
,,,
,,,
,,,
,,,
,,,
,,,
,,,
,,,
,,,
,,,
,,,
,,,
,,,
,,,
,,,
,,,
,,,
,,,
,,,
,,,
,,,
,,,
,,,
,,,
,,,
,,,
,,,
,,,
,,,
,,,
,,,
,,,
,,,
,,,
,,,
,,,
,,,
,,,
,,,
,,,
,,,
,,,
,,,
,,,
,,,
,,,
,,,
,,,
,,,
,,,
,,,
,,,
,,,
,,,
,,,
,,,
,,,
,,,
,,,
,,,
,,,
,,,
,,,
,,,
,,,
,,,
,,,
,,,
,,,
,,,
,,,
,,,
,,,
,,,
,,,
,,,
,,,
,,,
,,,
,,,
,,,
,,,
,,,
,,,
,,,
,,,
,,,
,,,
,,,
,,,
,,,
,,,
,,,
,,,
,,,
,,,
,,,
,,,
,,,
,,,
,,,
,,,
,,,
,,,
,,,
,,,
,,,
,,,
,,,
,,,
,,,
,,,
,,,
,,,
,,,
,,,
,,,
,,,
,,,
,,,
,,,
,,,
,,,
,,,
,,,
,,,
,,,
,,,
,,,
,,,
,,,
,,,
,,,
,,,
,,,
,,,
,,,
,,,
,,,
,,,
,,,
,,,
,,,
,,,
,,,
,,,
,,,
,,,
,,,
,,,
,,,
,,,
,,,
,,,
,,,
,,,
,,,
,,,
,,,
,,,
,,,
,,,
,,,
,,,
,,,
,,,
,,,
,,,
,,,
,,,
,,,
,,,
,,,
,,,
,,,
,,,
,,,
,,,
,,,
,,,
,,,
,,,
,,,
,,,
,,,
,,,
,,,
,,,
,,,
,,,
,,,
,,,
,,,
,,,
,,,
,,,
,,,
,,,
,,,
,,,
,,,
,,,
,,,
,,,
,,,
,,,
,,,
,,,
,,,
,,,
,,,
,,,
,,,
,,,
,,,
,,,
,,,
,,,
,,,
,,,
,,,
,,,
,,,
,,,
,,,
,,,
,,,
,,,
,,,
,,,
,,,
,,,
,,,
,,,
,,,
,,,
,,,
,,,
,,,
,,,
,,,
,,,
,,,
,,,
,,,
,,,
,,,
,,,
,,,
,,,
,,,
,,,
,,,
,,,
,,,
,,,
,,,
,,,
,,,
,,,
,,,
,,,
,,,
,,,
,,,
,,,
,,,
,,,
,,,
,,,
,,,
,,,
,,,
,,,
,,,
,,,
,,,
,,,
,,,
,,,
,,,
,,,
,,,
,,,
,,,
,,,
,,,
,,,
,,,
,,,
,,,
,,,
,,,
,,,
,,,
,,,
,,,
,,,
,,,
,,,
,,,
,,,
,,,
,,,
,,,
,,,
,,,
,,,
,,,
,,,
,,,
,,,
,,,
,,,
,,,
,,,
,,,
,,,
,,,
,,,
,,,
,,,
,,,
,,,
,,,
,,,
,,,
,,,
,,,
,,,
,,,
,,,
,,,
,,,
,,,
,,,
,,,
,,,
,,,
,,,
,,,
,,,
,,,
,,,
,,,
,,,
,,,
,,,
,,,
,,,
,,,
,,,
,,,
,,,
,,,
,,,
,,,
,,,
,,,
,,,
,,,
,,,
,,,
,,,
,,,
,,,
,,,
,,,
,,,
,,,
,,,
,,,
,,,
,,,
,,,
,,,
,,,
,,,
,,,
,,,
,,,
,,,
,,,
,,,
,,,
,,,
,,,
,,,
,,,
,,,
,,,
,,,
,,,
,,,
,,,
,,,
,,,
,,,
,,,
,,,
,,,
,,,
,,,
,,,
,,,
,,,
,,,
,,,
,,,
,,,
,,,
,,,
,,,
,,,
,,,
,,,
,,,
,,,
,,,
,,,
,,,
,,,
,,,
,,,
,,,
,,,
,,,
,,,
,,,
,,,
,,,
,,,
,,,
,,,
,,,
,,,
,,,
,,,
,,,
,,,
,,,
,,,
,,,
,,,
,,,
,,,
,,,
,,,
,,,
,,,
,,,
,,,
,,,
,,,
,,,
,,,
,,,
,,,
,,,
,,,
,,,
,,,
,,,
,,,
,,,
,,,
,,,
,,,
,,,
,,,
,,,
,,,
,,,
,,,
,,,
,,,
,,,
,,,
,,,
,,,
,,,
,,,
,,,
,,,
,,,
,,,
,,,
,,,
,,,
,,,
,,,
,,,
,,,
,,,
,,,
,,,
,,,
,,,
,,,
,,,
,,,
,,,
,,,
,,,
,,,
,,,
,,,
,,,
,,,
,,,
,,,
,,,
,,,
,,,
,,,
,,,
,,,
,,,
,,,
,,,
,,,
,,,
,,,
,,,
,,,
,,,
,,,
,,,
,,,
,,,
,,,
,,,
,,,
,,,
,,,
,,,
,,,
,,,
,,,
,,,
,,,
,,,
,,,
,,,
,,,
,,,
,,,
,,,
,,,
,,,
,,,
,,,
,,,
,,,
,,,
,,,
,,,
,,,
,,,
,,,
,,,
,,,
,,,
,,,
,,,
,,,
,,,
,,,
,,,
,,,
,,,
,,,
,,,
,,,
,,,
,,,
,,,
,,,
,,,
,,,
,,,
,,,
,,,
,,,
,,,
,,,
,,,
,,,
,,,
,,,
,,,
,,,
,,,
,,,
,,,
,,,
,,,
,,,
,,,
,,,
,,,
,,,
,,,
,,,
,,,
,,,
,,,
,,,
,,,
,,,
,,,
,,,
,,,
,,,
,,,
,,,
,,,
,,,
,,,
,,,
,,,
,,,
,,,
,,,
,,,
,,,
,,,
,,,
,,,
,,,
,,,
,,,
,,,
,,,
,,,
,,,
,,,
,,,
,,,
,,,
,,,
,,,
,,,
,,,
,,,
,,,
,,,
,,,
,,,
,,,
,,,
,,,
,,,
,,,
,,,
,,,
,,,
,,,
,,,
,,,
,,,
,,,
,,,
,,,
,,,
,,,
,,,
,,,
,,,
,,,
,,,
,,,
,,,
,,,
,,,
,,,
,,,
,,,
,,,
,,,
,,,
,,,
,,,
,,,
,,,
,,,
,,,
,,,
,,,
,,,
,,,
,,,
,,,
,,,
,,,
,,,
,,,
,,,
,,,
,,,
,,,
,,,
,,,
,,,
,,,
,,,
,,,
,,,
,,,
,,,
,,,
,,,
,,,
,,,
,,,
,,,
,,,
,,,
,,,
,,,
,,,
,,,
,,,
,,,
,,,
,,,
,,,
,,,
,,,
,,,
,,,
,,,
,,,
,,,
,,,
,,,
,,,
,,,
,,,
,,,
,,,
,,,
,,,
,,,
,,,
,,,
,,,
,,,
,,,
,,,
,,,
,,,
,,,
,,,
,,,
,,,
,,,
,,,
,,,
,,,
,,,
,,,
,,,
,,,
,,,
,,,
,,,
,,,
,,,
,,,
,,,
,,,
,,,
,,,
,,,
,,,
,,,
,,,
,,,
,,,
,,,
,,,
,,,
,,,
,,,
,,,
,,,
,,,
,,,
,,,
,,,
,,,
,,,
,,,
,,,
,,,
,,,
,,,
,,,
,,,
,,,
,,,
,,,
,,,
,,,
,,,
,,,
,,,
,,,
,,,
,,,
,,,
,,,
,,,
,,,
,,,
,,,
,,,
,,,
,,,
,,,
,,,
,,,
,,,
,,,
,,,
,,,
,,,
,,,
,,,
,,,
,,,
,,,
,,,
,,,
,,,
,,,
,,,
,,,
,,,
,,,
,,,
,,,
,,,
,,,
,,,
,,,
,,,
,,,
,,,
,,,
,,,
,,,
,,,
,,,
,,,
,,,
,,,
,,,
,,,
,,,
,,,
,,,
,,,
,,,
,,,
,,,
,,,
,,,
,,,
,,,
,,,
,,,
,,,
,,,
,,,
,,,
,,,
,,,
,,,
,,,
,,,
,,,
,,,
,,,
,,,
,,,
,,,
,,,
,,,
,,,
,,,
,,,
,,,
,,,
,,,
,,,
,,,
,,,
,,,
,,,
,,,
,,,
,,,
,,,
,,,
,,,
,,,
,,,
,,,
,,,
,,,
,,,
,,,
,,,
,,,
,,,
,,,
,,,
,,,
,,,
,,,
,,,
,,,
,,,
,,,
,,,
,,,
,,,
,,,
,,,
,,,
,,,
,,,
,,,
,,,
,,,
,,,
,,,
,,,
,,,
,,,
,,,
,,,
,,,
,,,
,,,
,,,
,,,
,,,
,,,
,,,
,,,
,,,
,,,
,,,
,,,
,,,
,,,
,,,
,,,
,,,
,,,
,,,
,,,
,,,
,,,
,,,
,,,
,,,
,,,
,,,
,,,
,,,
,,,
,,,
,,,
,,,
,,,
,,,
,,,
,,,
,,,
,,,
,,,
,,,
,,,
,,,
,,,
,,,
,,,
,,,
,,,
,,,
,,,
,,,
,,,
,,,
,,,
,,,
,,,
,,,
,,,
,,,
,,,
,,,
,,,
,,,
,,,
,,,
,,,
,,,
,,,
,,,
,,,
,,,
,,,
,,,
,,,
,,,
,,,
,,,
,,,
,,,
,,,
,,,
,,,
,,,
,,,
,,,
,,,
,,,
,,,
,,,
,,,
,,,
,,,
,,,
,,,
,,,
,,,
,,,
,,,
,,,
,,,
,,,
,,,
,,,
,,,
,,,
,,,
,,,
,,,
,,,
,,,
,,,
,,,
,,,
,,,
,,,
,,,
,,,
,,,
,,,
,,,
,,,
,,,
,,,
,,,
,,,
,,,
,,,
,,,
,,,
,,,
,,,
,,,
,,,
,,,
,,,
,,,
,,,
,,,
,,,
,,,
,,,
,,,
,,,
,,,
,,,
,,,
,,,
,,,
,,,
,,,
,,,
,,,
,,,
,,,
,,,
,,,
,,,
,,,
,,,
,,,
,,,
,,,
,,,
,,,
,,,
,,,
,,,
,,,
,,,
,,,
,,,
,,,
,,,
,,,
,,,
,,,
,,,
,,,
,,,
,,,
,,,
,,,
,,,
,,,
,,,
,,,
,,,
,,,
,,,
,,,
,,,
,,,
,,,
,,,
,,,
,,,
,,,
,,,
,,,
,,,
,,,
,,,
,,,
,,,
,,,
,,,
,,,
,,,
,,,
,,,
,,,
,,,
,,,
,,,
,,,
,,,
,,,
,,,
,,,
,,,
,,,
,,,
,,,
,,,
,,,
,,,
,,,
,,,
,,,
,,,
,,,
,,,
,,,
,,,
,,,
,,,
,,,
,,,
,,,
,,,
,,,
,,,
,,,
,,,
,,,
,,,
,,,
,,,
,,,
,,,
,,,
,,,
,,,
,,,
,,,
,,,
,,,
,,,
,,,
,,,
,,,
,,,
,,,
,,,
,,,
,,,
,,,
,,,
,,,
,,,
,,,
,,,
,,,
,,,
,,,
,,,
,,,
,,,
,,,
,,,
,,,
,,,
,,,
,,,
,,,
,,,
,,,
,,,
,,,
,,,
,,,
,,,
,,,
,,,
,,,
,,,
,,,
,,,
,,,
,,,
,,,
,,,
,,,
,,,
,,,
,,,
,,,
,,,
,,,
,,,
,,,
,,,
,,,
,,,
,,,
,,,
,,,
,,,
,,,
,,,
,,,
,,,
,,,
,,,
,,,
,,,
,,,
,,,
,,,
,,,
,,,
,,,
,,,
,,,
,,,
,,,
,,,
,,,
,,,
,,,
,,,
,,,
,,,
,,,
,,,
fnSeqID,,,
1,,,
2,,,
3,,,
4,,,
5,,,
6,,,
7,,,
8,,,
9,,,
10,,,
11,,,
12,,,
13,,,
14,,,
15,,,
16,,,
17,,,
18,,,
19,,,
20,,,
21,,,
22,,,
23,,,
24,,,
25,,,
26,,,
27,,,
28,,,
29,,,
30,,,
31,,,
32,,,
33,,,
34,,,
35,,,
36,,,
37,,,
38,,,
39,,,
40,,,
41,,,
42,,,
43,,,
44,,,
45,,,
46,,,
47,,,
48,,,
49,,,
50,,,
51,,,
52,,,
53,,,
54,,,
55,,,
56,,,
57,,,
58,,,
59,,,
60,,,
61,,,
62,,,
63,,,
64,,,
65,,,
66,,,
67,,,
68,,,
69,,,
70,,,
71,,,
72,,,
73,,,
74,,,
75,,,
76,,,
77,,,
78,,,
79,,,
80,,,
81,,,
82,,,
83,,,
84,,,
85,,,
86,,,
87,,,
88,,,
89,,,
90,,,
91,,,
92,,,
93,,,
94,,,
95,,,
96,,,
97,,,
98,,,
99,,,
100,,,
101,,,
102,,,
103,,,
104,,,
105,,,
106,,,
107,,,
108,,,
109,,,
110,,,
111,,,
112,,,
113,,,
114,,,
115,,,
116,,,
117,,,
118,,,
119,,,
120,,,
121,,,
122,,,
123,,,
124,,,
125,,,
126,,,
127,,,
128,,,
129,,,
130,,,
131,,,
132,,,
133,,,
134,,,
135,,,
136,,,
137,,,
138,,,
139,,,
140,,,
141,,,
142,,,
143,,,
144,,,
145,,,
146,,,
147,,,
148,,,
149,,,
150,,,
151,,,
152,,,
153,,,
154,,,
155,,,
156,,,
157,,,
158,,,
159,,,
160,,,
161,,,
162,,,
163,,,
164,,,
165,,,
166,,,
167,,,
168,,,
169,,,
170,,,
171,,,
172,,,
173,,,
174,,,
175,,,
176,,,
177,,,
178,,,
179,,,
180,,,
181,,,
182,,,
183,,,
184,,,
185,,,
186,,,
187,,,
188,,,
189,,,
190,,,
191,,,
192,,,
193,,,
194,,,
195,,,
196,,,
197,,,
198,,,
199,,,
200,,,
201,,,
202,,,
203,,,
204,,,
205,,,
206,,,
207,,,
208,,,
209,,,
210,,,
211,,,
212,,,
213,,,
214,,,
215,,,
216,,,
217,,,
218,,,
219,,,
220,,,
221,,,
222,,,
223,,,
224,,,
225,,,
226,,,
227,,,
228,,,
229,,,
230,,,
231,,,
232,,,
233,,,
234,,,
235,,,
236,,,
237,,,
238,,,
239,,,
240,,,
241,,,
242,,,
243,,,
244,,,
245,,,
246,,,
247,,,
248,,,
249,,,
250,,,
251,,,
252,,,
253,,,
254,,,
255,,,
256,,,
257,,,
258,,,
259,,,
260,,,
261,,,
262,,,
263,,,
264,,,
265,,,
266,,,
267,,,
268,,,
269,,,
270,,,
271,,,
272,,,
273,,,
274,,,
275,,,
276,,,
277,,,
278,,,
279,,,
280,,,
281,,,
282,,,
283,,,
284,,,
285,,,
286,,,
287,,,
288,,,
289,,,
290,,,
291,,,
292,,,
293,,,
294,,,
295,,,
